date,state,vehicle_category,electric_vehicles_sold,total_vehicles_sold
4/1/2021,Sikkim,2-Wheelers,0,398
4/1/2021,Sikkim,4-Wheelers,0,361
5/1/2021,Sikkim,2-Wheelers,0,113
5/1/2021,Sikkim,4-Wheelers,0,98
6/1/2021,Sikkim,2-Wheelers,0,229
6/1/2021,Sikkim,4-Wheelers,0,244
7/1/2021,Sikkim,2-Wheelers,0,458
7/1/2021,Sikkim,4-Wheelers,0,452
8/1/2021,Sikkim,2-Wheelers,0,489
8/1/2021,Sikkim,4-Wheelers,0,408
9/1/2021,Sikkim,2-Wheelers,0,540
9/1/2021,Sikkim,4-Wheelers,0,355
10/1/2021,Sikkim,2-Wheelers,0,455
10/1/2021,Sikkim,4-Wheelers,0,345
11/1/2021,Sikkim,2-Wheelers,0,478
11/1/2021,Sikkim,4-Wheelers,0,351
12/1/2021,Sikkim,2-Wheelers,0,454
12/1/2021,Sikkim,4-Wheelers,0,394
1/1/2022,Sikkim,2-Wheelers,0,400
1/1/2022,Sikkim,4-Wheelers,0,270
2/1/2022,Sikkim,2-Wheelers,0,384
2/1/2022,Sikkim,4-Wheelers,0,371
3/1/2022,Sikkim,2-Wheelers,0,460
3/1/2022,Sikkim,4-Wheelers,0,390
4/1/2022,Sikkim,2-Wheelers,0,455
4/1/2022,Sikkim,4-Wheelers,0,380
5/1/2022,Sikkim,2-Wheelers,0,461
5/1/2022,Sikkim,4-Wheelers,0,421
6/1/2022,Sikkim,2-Wheelers,0,429
6/1/2022,Sikkim,4-Wheelers,0,446
7/1/2022,Sikkim,2-Wheelers,0,409
7/1/2022,Sikkim,4-Wheelers,0,439
8/1/2022,Sikkim,2-Wheelers,0,394
8/1/2022,Sikkim,4-Wheelers,0,421
9/1/2022,Sikkim,2-Wheelers,0,443
9/1/2022,Sikkim,4-Wheelers,0,581
10/1/2022,Sikkim,2-Wheelers,0,371
10/1/2022,Sikkim,4-Wheelers,0,340
11/1/2022,Sikkim,2-Wheelers,0,431
11/1/2022,Sikkim,4-Wheelers,0,411
12/1/2022,Sikkim,2-Wheelers,0,274
12/1/2022,Sikkim,4-Wheelers,0,288
1/1/2023,Sikkim,2-Wheelers,0,470
1/1/2023,Sikkim,4-Wheelers,0,420
2/1/2023,Sikkim,2-Wheelers,0,324
2/1/2023,Sikkim,4-Wheelers,0,364
3/1/2023,Sikkim,2-Wheelers,0,454
3/1/2023,Sikkim,4-Wheelers,0,505
4/1/2023,Sikkim,2-Wheelers,0,465
4/1/2023,Sikkim,4-Wheelers,0,439
5/1/2023,Sikkim,2-Wheelers,0,507
5/1/2023,Sikkim,4-Wheelers,0,448
6/1/2023,Sikkim,2-Wheelers,0,517
6/1/2023,Sikkim,4-Wheelers,0,457
7/1/2023,Sikkim,2-Wheelers,0,423
7/1/2023,Sikkim,4-Wheelers,0,371
8/1/2023,Sikkim,2-Wheelers,0,465
8/1/2023,Sikkim,4-Wheelers,0,460
9/1/2023,Sikkim,2-Wheelers,0,546
9/1/2023,Sikkim,4-Wheelers,0,509
10/1/2023,Sikkim,2-Wheelers,0,398
10/1/2023,Sikkim,4-Wheelers,0,389
11/1/2023,Sikkim,2-Wheelers,0,470
11/1/2023,Sikkim,4-Wheelers,0,403
12/1/2023,Sikkim,2-Wheelers,0,365
12/1/2023,Sikkim,4-Wheelers,0,318
1/1/2024,Sikkim,2-Wheelers,0,509
1/1/2024,Sikkim,4-Wheelers,0,422
2/1/2024,Sikkim,2-Wheelers,0,408
2/1/2024,Sikkim,4-Wheelers,0,375
3/1/2024,Sikkim,2-Wheelers,0,399
3/1/2024,Sikkim,4-Wheelers,0,455
4/1/2021,Andaman & Nicobar Island,2-Wheelers,0,515
4/1/2021,Arunachal Pradesh,2-Wheelers,0,1256
4/1/2021,Arunachal Pradesh,4-Wheelers,0,724
4/1/2021,Assam,4-Wheelers,0,6576
4/1/2021,Chhattisgarh,4-Wheelers,0,1563
4/1/2021,DNH and DD,4-Wheelers,0,278
4/1/2021,Jammu and Kashmir,4-Wheelers,0,5107
4/1/2021,Ladakh,2-Wheelers,0,2
4/1/2021,Ladakh,4-Wheelers,0,20
4/1/2021,Manipur,4-Wheelers,0,808
4/1/2021,Meghalaya,2-Wheelers,0,1189
4/1/2021,Mizoram,2-Wheelers,0,1507
4/1/2021,Mizoram,4-Wheelers,0,281
4/1/2021,Nagaland,2-Wheelers,0,561
4/1/2021,Nagaland,4-Wheelers,0,747
4/1/2021,Puducherry,4-Wheelers,0,655
4/1/2021,Tripura,2-Wheelers,0,2906
4/1/2021,Tripura,4-Wheelers,0,289
5/1/2021,Andaman & Nicobar Island,2-Wheelers,0,4
5/1/2021,Andaman & Nicobar Island,4-Wheelers,0,1
5/1/2021,Arunachal Pradesh,2-Wheelers,0,552
5/1/2021,Arunachal Pradesh,4-Wheelers,0,302
5/1/2021,Assam,2-Wheelers,0,14723
5/1/2021,Assam,4-Wheelers,0,3295
5/1/2021,Bihar,4-Wheelers,0,2249
5/1/2021,Chandigarh,2-Wheelers,0,411
5/1/2021,Chhattisgarh,4-Wheelers,0,1387
5/1/2021,DNH and DD,2-Wheelers,0,452
5/1/2021,DNH and DD,4-Wheelers,0,202
5/1/2021,Delhi,2-Wheelers,0,22
5/1/2021,Delhi,4-Wheelers,0,21
5/1/2021,Jammu and Kashmir,4-Wheelers,0,2372
5/1/2021,Ladakh,2-Wheelers,0,11
5/1/2021,Ladakh,4-Wheelers,0,70
5/1/2021,Madhya Pradesh,4-Wheelers,0,195
5/1/2021,Manipur,2-Wheelers,0,288
5/1/2021,Manipur,4-Wheelers,0,9
5/1/2021,Meghalaya,2-Wheelers,0,332
5/1/2021,Mizoram,2-Wheelers,0,15
5/1/2021,Mizoram,4-Wheelers,0,4
5/1/2021,Nagaland,2-Wheelers,0,125
5/1/2021,Nagaland,4-Wheelers,0,126
5/1/2021,Odisha,4-Wheelers,0,722
5/1/2021,Punjab,4-Wheelers,0,5202
5/1/2021,Tripura,2-Wheelers,0,2063
5/1/2021,Tripura,4-Wheelers,0,192
5/1/2021,Uttarakhand,4-Wheelers,0,1145
6/1/2021,Andaman & Nicobar Island,2-Wheelers,0,2
6/1/2021,Arunachal Pradesh,2-Wheelers,0,727
6/1/2021,Arunachal Pradesh,4-Wheelers,0,565
6/1/2021,Ladakh,2-Wheelers,0,3
6/1/2021,Ladakh,4-Wheelers,0,112
6/1/2021,Manipur,2-Wheelers,0,89
6/1/2021,Manipur,4-Wheelers,0,18
6/1/2021,Meghalaya,2-Wheelers,0,354
6/1/2021,Meghalaya,4-Wheelers,0,246
6/1/2021,Mizoram,2-Wheelers,0,648
6/1/2021,Mizoram,4-Wheelers,0,298
6/1/2021,Nagaland,2-Wheelers,0,42
6/1/2021,Nagaland,4-Wheelers,0,54
6/1/2021,Puducherry,4-Wheelers,0,445
6/1/2021,Tripura,4-Wheelers,0,185
7/1/2021,Andaman & Nicobar Island,2-Wheelers,0,467
7/1/2021,Arunachal Pradesh,2-Wheelers,0,994
7/1/2021,Arunachal Pradesh,4-Wheelers,0,661
7/1/2021,Assam,4-Wheelers,0,4988
7/1/2021,DNH and DD,4-Wheelers,0,276
7/1/2021,Ladakh,2-Wheelers,0,51
7/1/2021,Ladakh,4-Wheelers,0,552
7/1/2021,Manipur,2-Wheelers,0,474
7/1/2021,Manipur,4-Wheelers,0,68
7/1/2021,Meghalaya,2-Wheelers,0,726
7/1/2021,Mizoram,2-Wheelers,0,1096
7/1/2021,Mizoram,4-Wheelers,0,219
7/1/2021,Nagaland,2-Wheelers,0,583
7/1/2021,Nagaland,4-Wheelers,0,1039
7/1/2021,Puducherry,4-Wheelers,0,866
7/1/2021,Tripura,2-Wheelers,0,2211
7/1/2021,Tripura,4-Wheelers,0,352
8/1/2021,Andaman & Nicobar Island,2-Wheelers,0,406
8/1/2021,Arunachal Pradesh,2-Wheelers,0,1126
8/1/2021,Arunachal Pradesh,4-Wheelers,0,758
8/1/2021,DNH and DD,4-Wheelers,0,321
8/1/2021,Himachal Pradesh,4-Wheelers,0,3641
8/1/2021,Jammu and Kashmir,4-Wheelers,0,5430
8/1/2021,Ladakh,2-Wheelers,0,30
8/1/2021,Ladakh,4-Wheelers,0,459
8/1/2021,Manipur,2-Wheelers,0,1016
8/1/2021,Manipur,4-Wheelers,0,561
8/1/2021,Meghalaya,2-Wheelers,0,1041
8/1/2021,Meghalaya,4-Wheelers,0,826
8/1/2021,Mizoram,2-Wheelers,0,1057
8/1/2021,Mizoram,4-Wheelers,0,240
8/1/2021,Nagaland,2-Wheelers,0,577
8/1/2021,Nagaland,4-Wheelers,0,763
8/1/2021,Tripura,2-Wheelers,0,2462
8/1/2021,Tripura,4-Wheelers,0,462
9/1/2021,Andaman & Nicobar Island,2-Wheelers,0,329
9/1/2021,Andaman & Nicobar Island,4-Wheelers,0,87
9/1/2021,Arunachal Pradesh,2-Wheelers,0,1260
9/1/2021,Arunachal Pradesh,4-Wheelers,0,637
9/1/2021,Assam,4-Wheelers,0,6036
9/1/2021,DNH and DD,4-Wheelers,0,348
9/1/2021,Ladakh,2-Wheelers,0,26
9/1/2021,Ladakh,4-Wheelers,0,444
9/1/2021,Manipur,2-Wheelers,0,3492
9/1/2021,Manipur,4-Wheelers,0,1202
9/1/2021,Meghalaya,2-Wheelers,0,1396
9/1/2021,Meghalaya,4-Wheelers,0,905
9/1/2021,Mizoram,2-Wheelers,0,1465
9/1/2021,Mizoram,4-Wheelers,0,264
9/1/2021,Nagaland,4-Wheelers,0,681
9/1/2021,Tripura,2-Wheelers,0,2736
9/1/2021,Tripura,4-Wheelers,0,403
10/1/2021,Andaman & Nicobar Island,2-Wheelers,0,360
10/1/2021,Arunachal Pradesh,2-Wheelers,0,1109
10/1/2021,Arunachal Pradesh,4-Wheelers,0,570
10/1/2021,Assam,4-Wheelers,0,5877
10/1/2021,Ladakh,4-Wheelers,0,289
10/1/2021,Manipur,4-Wheelers,0,916
10/1/2021,Meghalaya,2-Wheelers,0,1414
10/1/2021,Meghalaya,4-Wheelers,0,722
10/1/2021,Mizoram,2-Wheelers,0,1886
10/1/2021,Mizoram,4-Wheelers,0,283
10/1/2021,Nagaland,2-Wheelers,0,650
10/1/2021,Nagaland,4-Wheelers,0,567
10/1/2021,Puducherry,4-Wheelers,0,609
10/1/2021,Tripura,2-Wheelers,0,3015
10/1/2021,Tripura,4-Wheelers,0,366
11/1/2021,Andaman & Nicobar Island,2-Wheelers,0,413
11/1/2021,Andaman & Nicobar Island,4-Wheelers,0,125
11/1/2021,Arunachal Pradesh,2-Wheelers,0,1262
11/1/2021,Arunachal Pradesh,4-Wheelers,0,646
11/1/2021,Assam,4-Wheelers,0,5618
11/1/2021,DNH and DD,4-Wheelers,0,330
11/1/2021,Himachal Pradesh,4-Wheelers,0,4496
11/1/2021,Jammu and Kashmir,4-Wheelers,0,4709
11/1/2021,Ladakh,2-Wheelers,0,28
11/1/2021,Ladakh,4-Wheelers,0,287
11/1/2021,Manipur,4-Wheelers,0,875
11/1/2021,Meghalaya,2-Wheelers,0,1442
11/1/2021,Meghalaya,4-Wheelers,0,806
11/1/2021,Mizoram,2-Wheelers,0,1820
11/1/2021,Mizoram,4-Wheelers,0,328
11/1/2021,Nagaland,2-Wheelers,0,592
11/1/2021,Nagaland,4-Wheelers,0,692
11/1/2021,Tripura,2-Wheelers,0,3843
11/1/2021,Tripura,4-Wheelers,0,326
12/1/2021,Andaman & Nicobar Island,2-Wheelers,0,376
12/1/2021,Arunachal Pradesh,2-Wheelers,0,1036
12/1/2021,Arunachal Pradesh,4-Wheelers,0,709
12/1/2021,Jammu and Kashmir,4-Wheelers,0,5306
12/1/2021,Ladakh,2-Wheelers,0,15
12/1/2021,Ladakh,4-Wheelers,0,167
12/1/2021,Manipur,4-Wheelers,0,849
12/1/2021,Meghalaya,2-Wheelers,0,1101
12/1/2021,Meghalaya,4-Wheelers,0,888
12/1/2021,Mizoram,2-Wheelers,0,1740
12/1/2021,Mizoram,4-Wheelers,0,376
12/1/2021,Nagaland,2-Wheelers,0,353
12/1/2021,Nagaland,4-Wheelers,0,540
12/1/2021,Tripura,4-Wheelers,0,352
1/1/2022,Andaman & Nicobar Island,2-Wheelers,0,336
1/1/2022,Andaman & Nicobar Island,4-Wheelers,0,90
1/1/2022,Arunachal Pradesh,2-Wheelers,0,950
1/1/2022,Arunachal Pradesh,4-Wheelers,0,766
1/1/2022,Assam,4-Wheelers,0,5550
1/1/2022,DNH and DD,4-Wheelers,0,358
1/1/2022,Jammu and Kashmir,4-Wheelers,0,3963
1/1/2022,Ladakh,4-Wheelers,0,150
1/1/2022,Manipur,4-Wheelers,0,687
1/1/2022,Meghalaya,2-Wheelers,0,1112
1/1/2022,Meghalaya,4-Wheelers,0,1063
1/1/2022,Mizoram,2-Wheelers,0,1387
1/1/2022,Mizoram,4-Wheelers,0,311
1/1/2022,Nagaland,2-Wheelers,0,410
1/1/2022,Nagaland,4-Wheelers,0,722
1/1/2022,Puducherry,4-Wheelers,0,758
1/1/2022,Tripura,4-Wheelers,0,394
2/1/2022,Andaman & Nicobar Island,2-Wheelers,0,388
2/1/2022,Andaman & Nicobar Island,4-Wheelers,0,112
2/1/2022,Arunachal Pradesh,2-Wheelers,0,858
2/1/2022,Arunachal Pradesh,4-Wheelers,0,671
2/1/2022,Ladakh,2-Wheelers,0,15
2/1/2022,Ladakh,4-Wheelers,0,44
2/1/2022,Manipur,4-Wheelers,0,834
2/1/2022,Meghalaya,2-Wheelers,0,1145
2/1/2022,Mizoram,2-Wheelers,0,1599
2/1/2022,Mizoram,4-Wheelers,0,354
2/1/2022,Nagaland,2-Wheelers,0,504
2/1/2022,Nagaland,4-Wheelers,0,773
2/1/2022,Puducherry,4-Wheelers,0,622
2/1/2022,Tripura,4-Wheelers,0,340
3/1/2022,Andaman & Nicobar Island,2-Wheelers,0,383
3/1/2022,Arunachal Pradesh,2-Wheelers,0,1111
3/1/2022,Arunachal Pradesh,4-Wheelers,0,679
3/1/2022,Ladakh,2-Wheelers,0,49
3/1/2022,Ladakh,4-Wheelers,0,49
3/1/2022,Manipur,4-Wheelers,0,717
3/1/2022,Meghalaya,2-Wheelers,0,1687
3/1/2022,Meghalaya,4-Wheelers,0,1104
3/1/2022,Mizoram,2-Wheelers,0,1848
3/1/2022,Mizoram,4-Wheelers,0,413
3/1/2022,Nagaland,2-Wheelers,0,541
3/1/2022,Nagaland,4-Wheelers,0,632
3/1/2022,Tripura,4-Wheelers,0,484
4/1/2022,Andaman & Nicobar Island,2-Wheelers,0,407
4/1/2022,Arunachal Pradesh,2-Wheelers,0,1063
4/1/2022,Arunachal Pradesh,4-Wheelers,0,824
4/1/2022,Ladakh,2-Wheelers,0,351
4/1/2022,Ladakh,4-Wheelers,0,105
4/1/2022,Mizoram,2-Wheelers,0,1530
4/1/2022,Mizoram,4-Wheelers,0,323
4/1/2022,Nagaland,4-Wheelers,0,723
4/1/2022,Tripura,4-Wheelers,0,448
5/1/2022,Andaman & Nicobar Island,2-Wheelers,0,358
5/1/2022,Andaman & Nicobar Island,4-Wheelers,0,110
5/1/2022,Arunachal Pradesh,2-Wheelers,0,1241
5/1/2022,Arunachal Pradesh,4-Wheelers,0,965
5/1/2022,Ladakh,2-Wheelers,0,419
5/1/2022,Ladakh,4-Wheelers,0,322
5/1/2022,Manipur,4-Wheelers,0,644
5/1/2022,Meghalaya,2-Wheelers,0,1780
5/1/2022,Mizoram,4-Wheelers,0,397
5/1/2022,Nagaland,4-Wheelers,0,630
5/1/2022,Tripura,4-Wheelers,0,359
6/1/2022,Andaman & Nicobar Island,2-Wheelers,0,423
6/1/2022,Andaman & Nicobar Island,4-Wheelers,0,115
6/1/2022,Arunachal Pradesh,2-Wheelers,0,1253
6/1/2022,Arunachal Pradesh,4-Wheelers,0,1021
6/1/2022,Ladakh,4-Wheelers,0,310
6/1/2022,Manipur,4-Wheelers,0,1029
6/1/2022,Mizoram,4-Wheelers,0,373
6/1/2022,Nagaland,2-Wheelers,0,594
6/1/2022,Nagaland,4-Wheelers,0,735
6/1/2022,Tripura,4-Wheelers,0,354
7/1/2022,Andaman & Nicobar Island,2-Wheelers,0,385
7/1/2022,Andaman & Nicobar Island,4-Wheelers,0,127
7/1/2022,Arunachal Pradesh,2-Wheelers,0,1181
7/1/2022,DNH and DD,4-Wheelers,0,344
7/1/2022,Ladakh,2-Wheelers,0,314
7/1/2022,Manipur,4-Wheelers,0,775
7/1/2022,Mizoram,4-Wheelers,0,319
7/1/2022,Nagaland,2-Wheelers,0,505
7/1/2022,Nagaland,4-Wheelers,0,591
7/1/2022,Tripura,4-Wheelers,0,402
8/1/2022,Andaman & Nicobar Island,2-Wheelers,0,398
8/1/2022,Andaman & Nicobar Island,4-Wheelers,0,154
8/1/2022,Arunachal Pradesh,2-Wheelers,0,1244
8/1/2022,Arunachal Pradesh,4-Wheelers,0,866
8/1/2022,Ladakh,2-Wheelers,0,222
8/1/2022,Manipur,4-Wheelers,0,623
8/1/2022,Meghalaya,4-Wheelers,0,1120
8/1/2022,Mizoram,4-Wheelers,0,408
8/1/2022,Nagaland,2-Wheelers,0,554
8/1/2022,Nagaland,4-Wheelers,0,844
8/1/2022,Tripura,4-Wheelers,0,403
9/1/2022,Andaman & Nicobar Island,2-Wheelers,0,484
9/1/2022,Andaman & Nicobar Island,4-Wheelers,0,128
9/1/2022,Arunachal Pradesh,2-Wheelers,0,1068
9/1/2022,Arunachal Pradesh,4-Wheelers,0,931
9/1/2022,Ladakh,2-Wheelers,0,30
9/1/2022,Ladakh,4-Wheelers,0,189
9/1/2022,Manipur,4-Wheelers,0,820
9/1/2022,Mizoram,4-Wheelers,0,379
9/1/2022,Nagaland,2-Wheelers,0,589
9/1/2022,Nagaland,4-Wheelers,0,780
9/1/2022,Tripura,4-Wheelers,0,465
10/1/2022,Andaman & Nicobar Island,2-Wheelers,0,409
10/1/2022,Andaman & Nicobar Island,4-Wheelers,0,144
10/1/2022,Arunachal Pradesh,2-Wheelers,0,850
10/1/2022,Arunachal Pradesh,4-Wheelers,0,741
10/1/2022,Ladakh,2-Wheelers,0,27
10/1/2022,Ladakh,4-Wheelers,0,264
10/1/2022,Manipur,4-Wheelers,0,596
10/1/2022,Mizoram,4-Wheelers,0,362
10/1/2022,Nagaland,2-Wheelers,0,374
10/1/2022,Nagaland,4-Wheelers,0,690
10/1/2022,Tripura,4-Wheelers,0,416
11/1/2022,Arunachal Pradesh,2-Wheelers,0,1251
11/1/2022,Arunachal Pradesh,4-Wheelers,0,971
11/1/2022,Jammu and Kashmir,4-Wheelers,0,4102
11/1/2022,Ladakh,2-Wheelers,0,23
11/1/2022,Ladakh,4-Wheelers,0,244
11/1/2022,Manipur,4-Wheelers,0,1569
11/1/2022,Meghalaya,4-Wheelers,0,1158
11/1/2022,Mizoram,4-Wheelers,0,378
11/1/2022,Nagaland,2-Wheelers,0,447
11/1/2022,Nagaland,4-Wheelers,0,724
11/1/2022,Punjab,4-Wheelers,0,8875
11/1/2022,Tripura,4-Wheelers,0,410
12/1/2022,Arunachal Pradesh,4-Wheelers,0,865
12/1/2022,Ladakh,2-Wheelers,0,16
12/1/2022,Ladakh,4-Wheelers,0,144
12/1/2022,Manipur,4-Wheelers,0,1478
12/1/2022,Meghalaya,4-Wheelers,0,1150
12/1/2022,Mizoram,4-Wheelers,0,445
12/1/2022,Nagaland,2-Wheelers,0,369
12/1/2022,Nagaland,4-Wheelers,0,490
12/1/2022,Tripura,4-Wheelers,0,385
1/1/2023,Andaman & Nicobar Island,2-Wheelers,0,373
1/1/2023,Andaman & Nicobar Island,4-Wheelers,0,153
1/1/2023,Arunachal Pradesh,2-Wheelers,0,718
1/1/2023,Arunachal Pradesh,4-Wheelers,0,966
1/1/2023,Ladakh,4-Wheelers,0,92
1/1/2023,Mizoram,4-Wheelers,0,476
1/1/2023,Nagaland,2-Wheelers,0,432
1/1/2023,Nagaland,4-Wheelers,0,545
1/1/2023,Punjab,4-Wheelers,0,11608
1/1/2023,Tripura,4-Wheelers,0,399
2/1/2023,Andaman & Nicobar Island,2-Wheelers,0,346
2/1/2023,Andaman & Nicobar Island,4-Wheelers,0,148
2/1/2023,Arunachal Pradesh,2-Wheelers,0,816
2/1/2023,Arunachal Pradesh,4-Wheelers,0,840
2/1/2023,Ladakh,2-Wheelers,0,5
2/1/2023,Ladakh,4-Wheelers,0,49
2/1/2023,Meghalaya,4-Wheelers,0,1002
2/1/2023,Mizoram,4-Wheelers,0,337
2/1/2023,Nagaland,2-Wheelers,0,375
2/1/2023,Nagaland,4-Wheelers,0,806
2/1/2023,Tripura,4-Wheelers,0,328
3/1/2023,Arunachal Pradesh,2-Wheelers,0,1131
3/1/2023,Arunachal Pradesh,4-Wheelers,0,1048
3/1/2023,Ladakh,2-Wheelers,0,30
3/1/2023,Ladakh,4-Wheelers,0,59
3/1/2023,Manipur,4-Wheelers,0,320
3/1/2023,Meghalaya,4-Wheelers,0,1369
3/1/2023,Mizoram,4-Wheelers,0,433
3/1/2023,Nagaland,2-Wheelers,0,693
3/1/2023,Nagaland,4-Wheelers,0,820
4/1/2023,Andaman & Nicobar Island,2-Wheelers,0,325
4/1/2023,Arunachal Pradesh,2-Wheelers,0,971
4/1/2023,Ladakh,2-Wheelers,0,43
4/1/2023,Ladakh,4-Wheelers,0,219
4/1/2023,Manipur,4-Wheelers,0,942
4/1/2023,Mizoram,4-Wheelers,0,336
4/1/2023,Nagaland,2-Wheelers,0,560
5/1/2023,Andaman & Nicobar Island,2-Wheelers,0,436
5/1/2023,Andaman & Nicobar Island,4-Wheelers,0,150
5/1/2023,Arunachal Pradesh,4-Wheelers,0,1132
5/1/2023,Ladakh,4-Wheelers,0,364
5/1/2023,Mizoram,4-Wheelers,0,382
5/1/2023,Nagaland,2-Wheelers,0,610
5/1/2023,Nagaland,4-Wheelers,0,796
6/1/2023,Andaman & Nicobar Island,2-Wheelers,0,373
6/1/2023,Arunachal Pradesh,2-Wheelers,0,1141
6/1/2023,Arunachal Pradesh,4-Wheelers,0,1089
6/1/2023,Ladakh,4-Wheelers,0,304
6/1/2023,Manipur,4-Wheelers,0,220
6/1/2023,Mizoram,4-Wheelers,0,383
6/1/2023,Nagaland,2-Wheelers,0,650
6/1/2023,Nagaland,4-Wheelers,0,620
7/1/2023,Andaman & Nicobar Island,2-Wheelers,0,424
7/1/2023,Arunachal Pradesh,2-Wheelers,0,1315
7/1/2023,Ladakh,4-Wheelers,0,301
7/1/2023,Mizoram,4-Wheelers,0,439
8/1/2023,Andaman & Nicobar Island,2-Wheelers,0,477
8/1/2023,Arunachal Pradesh,2-Wheelers,0,1292
8/1/2023,Ladakh,2-Wheelers,0,63
8/1/2023,Ladakh,4-Wheelers,0,278
8/1/2023,Mizoram,4-Wheelers,0,410
8/1/2023,Nagaland,2-Wheelers,0,592
8/1/2023,Nagaland,4-Wheelers,0,760
9/1/2023,Andaman & Nicobar Island,2-Wheelers,0,379
9/1/2023,Arunachal Pradesh,2-Wheelers,0,1274
9/1/2023,Ladakh,2-Wheelers,0,40
9/1/2023,Ladakh,4-Wheelers,0,211
9/1/2023,Manipur,2-Wheelers,0,426
9/1/2023,Manipur,4-Wheelers,0,239
9/1/2023,Mizoram,4-Wheelers,0,415
9/1/2023,Nagaland,4-Wheelers,0,654
10/1/2023,Arunachal Pradesh,2-Wheelers,0,1281
10/1/2023,Ladakh,2-Wheelers,0,33
10/1/2023,Ladakh,4-Wheelers,0,187
10/1/2023,Mizoram,4-Wheelers,0,453
10/1/2023,Nagaland,2-Wheelers,0,471
10/1/2023,Nagaland,4-Wheelers,0,743
11/1/2023,Arunachal Pradesh,2-Wheelers,0,1458
11/1/2023,Ladakh,2-Wheelers,0,39
11/1/2023,Ladakh,4-Wheelers,0,166
11/1/2023,Mizoram,4-Wheelers,0,531
12/1/2023,Ladakh,2-Wheelers,0,7
12/1/2023,Ladakh,4-Wheelers,0,144
12/1/2023,Mizoram,4-Wheelers,0,568
12/1/2023,Nagaland,2-Wheelers,0,421
12/1/2023,Nagaland,4-Wheelers,0,562
1/1/2024,Arunachal Pradesh,2-Wheelers,0,995
1/1/2024,Nagaland,2-Wheelers,0,505
1/1/2024,Ladakh,4-Wheelers,0,141
1/1/2024,Andaman & Nicobar,4-Wheelers,0,177
1/1/2024,Nagaland,4-Wheelers,0,877
2/1/2024,Arunachal Pradesh,2-Wheelers,0,1117
2/1/2024,Nagaland,2-Wheelers,0,763
2/1/2024,Ladakh,2-Wheelers,0,4
2/1/2024,Mizoram,4-Wheelers,0,494
2/1/2024,Ladakh,4-Wheelers,0,47
3/1/2024,Arunachal Pradesh,2-Wheelers,0,1259
3/1/2024,Ladakh,2-Wheelers,0,11
3/1/2024,Mizoram,4-Wheelers,0,463
3/1/2024,Nagaland,4-Wheelers,0,1336
3/1/2024,Ladakh,4-Wheelers,0,81
4/1/2021,DNH and DD,2-Wheelers,1,657
4/1/2021,Himachal Pradesh,4-Wheelers,1,3544
4/1/2021,Meghalaya,4-Wheelers,1,930
5/1/2021,Chandigarh,4-Wheelers,1,413
5/1/2021,Haryana,4-Wheelers,1,4373
5/1/2021,Himachal Pradesh,4-Wheelers,1,1503
5/1/2021,Jharkhand,4-Wheelers,1,2290
5/1/2021,Madhya Pradesh,2-Wheelers,1,6302
5/1/2021,Meghalaya,4-Wheelers,1,88
6/1/2021,Assam,4-Wheelers,1,3842
6/1/2021,DNH and DD,4-Wheelers,1,234
6/1/2021,Himachal Pradesh,4-Wheelers,1,3193
6/1/2021,Jammu and Kashmir,4-Wheelers,1,4469
6/1/2021,Tripura,2-Wheelers,1,1523
7/1/2021,Jammu and Kashmir,4-Wheelers,1,5336
7/1/2021,Meghalaya,4-Wheelers,1,759
8/1/2021,Andaman & Nicobar Island,4-Wheelers,1,110
8/1/2021,Puducherry,4-Wheelers,1,837
9/1/2021,DNH and DD,2-Wheelers,1,666
9/1/2021,Himachal Pradesh,4-Wheelers,1,3379
9/1/2021,Jammu and Kashmir,4-Wheelers,1,3773
9/1/2021,Nagaland,2-Wheelers,1,578
10/1/2021,Andaman & Nicobar Island,4-Wheelers,1,70
10/1/2021,DNH and DD,2-Wheelers,1,628
10/1/2021,DNH and DD,4-Wheelers,1,333
10/1/2021,Himachal Pradesh,4-Wheelers,1,3201
11/1/2021,DNH and DD,2-Wheelers,1,938
11/1/2021,Puducherry,4-Wheelers,1,532
12/1/2021,Andaman & Nicobar Island,4-Wheelers,1,122
12/1/2021,DNH and DD,4-Wheelers,1,336
12/1/2021,Himachal Pradesh,4-Wheelers,1,4105
12/1/2021,Tripura,2-Wheelers,1,3579
2/1/2022,DNH and DD,4-Wheelers,1,354
2/1/2022,Meghalaya,4-Wheelers,1,917
3/1/2022,DNH and DD,4-Wheelers,1,355
4/1/2022,Andaman & Nicobar Island,4-Wheelers,1,147
4/1/2022,DNH and DD,4-Wheelers,1,431
4/1/2022,Manipur,2-Wheelers,1,1246
4/1/2022,Manipur,4-Wheelers,1,813
4/1/2022,Meghalaya,4-Wheelers,1,860
5/1/2022,DNH and DD,4-Wheelers,1,374
5/1/2022,Mizoram,2-Wheelers,1,1638
5/1/2022,Nagaland,2-Wheelers,1,514
6/1/2022,DNH and DD,2-Wheelers,1,767
6/1/2022,Meghalaya,4-Wheelers,1,1087
7/1/2022,Arunachal Pradesh,4-Wheelers,1,947
7/1/2022,Ladakh,4-Wheelers,1,285
7/1/2022,Mizoram,2-Wheelers,1,1427
8/1/2022,DNH and DD,4-Wheelers,1,303
9/1/2022,DNH and DD,4-Wheelers,1,390
9/1/2022,Manipur,2-Wheelers,1,2473
9/1/2022,Meghalaya,2-Wheelers,1,1719
10/1/2022,Meghalaya,4-Wheelers,1,1188
11/1/2022,Andaman & Nicobar Island,4-Wheelers,1,159
12/1/2022,Arunachal Pradesh,2-Wheelers,1,925
12/1/2022,Meghalaya,2-Wheelers,1,1180
12/1/2022,Punjab,4-Wheelers,1,13085
1/1/2023,DNH and DD,4-Wheelers,1,360
1/1/2023,Ladakh,2-Wheelers,1,20
1/1/2023,Meghalaya,4-Wheelers,1,1271
3/1/2023,Andaman & Nicobar Island,2-Wheelers,1,373
3/1/2023,Andaman & Nicobar Island,4-Wheelers,1,162
3/1/2023,Meghalaya,2-Wheelers,1,1907
4/1/2023,Andaman & Nicobar Island,4-Wheelers,1,122
4/1/2023,Arunachal Pradesh,4-Wheelers,1,892
4/1/2023,DNH and DD,4-Wheelers,1,407
4/1/2023,Nagaland,4-Wheelers,1,687
4/1/2023,Tripura,4-Wheelers,1,299
5/1/2023,Arunachal Pradesh,2-Wheelers,1,1193
6/1/2023,Andaman & Nicobar Island,4-Wheelers,1,136
6/1/2023,DNH and DD,4-Wheelers,1,370
6/1/2023,Meghalaya,2-Wheelers,1,1969
7/1/2023,Ladakh,2-Wheelers,1,117
7/1/2023,Nagaland,2-Wheelers,1,599
7/1/2023,Nagaland,4-Wheelers,1,739
8/1/2023,DNH and DD,4-Wheelers,1,357
9/1/2023,Andaman & Nicobar Island,4-Wheelers,1,148
9/1/2023,Nagaland,2-Wheelers,1,531
10/1/2023,Andaman & Nicobar Island,2-Wheelers,1,404
10/1/2023,Andaman & Nicobar Island,4-Wheelers,1,191
10/1/2023,Meghalaya,2-Wheelers,1,1776
10/1/2023,Meghalaya,4-Wheelers,1,1354
11/1/2023,Andaman & Nicobar Island,4-Wheelers,1,170
11/1/2023,Nagaland,2-Wheelers,1,634
11/1/2023,Nagaland,4-Wheelers,1,860
12/1/2023,Meghalaya,2-Wheelers,1,1518
12/1/2023,Meghalaya,4-Wheelers,1,1060
1/1/2024,Mizoram,4-Wheelers,1,513
1/1/2024,Meghalaya,4-Wheelers,1,1429
2/1/2024,Andaman & Nicobar Island,4-Wheelers,1,181
2/1/2024,Nagaland,4-Wheelers,1,822
3/1/2024,Andaman & Nicobar Island,4-Wheelers,1,158
3/1/2024,Arunachal Pradesh,4-Wheelers,1,1081
4/1/2021,Andaman & Nicobar Island,4-Wheelers,9,168
4/1/2021,Andhra Pradesh,4-Wheelers,26,7837
4/1/2021,Bihar,4-Wheelers,4,5731
4/1/2021,Chandigarh,4-Wheelers,2,1426
4/1/2021,Delhi,4-Wheelers,61,8076
4/1/2021,Goa,4-Wheelers,8,1442
4/1/2021,Gujarat,4-Wheelers,44,17386
4/1/2021,Haryana,4-Wheelers,3,15476
4/1/2021,Jharkhand,4-Wheelers,3,3425
4/1/2021,Karnataka,4-Wheelers,90,16864
4/1/2021,Kerala,4-Wheelers,132,23660
4/1/2021,Madhya Pradesh,4-Wheelers,2,5356
4/1/2021,Maharashtra,4-Wheelers,96,16829
4/1/2021,Odisha,4-Wheelers,5,5101
4/1/2021,Punjab,4-Wheelers,4,8955
4/1/2021,Rajasthan,4-Wheelers,22,10647
4/1/2021,Tamil Nadu,4-Wheelers,75,18826
4/1/2021,Uttar Pradesh,4-Wheelers,4,23056
4/1/2021,Uttarakhand,4-Wheelers,10,2728
4/1/2021,West Bengal,4-Wheelers,24,7640
5/1/2021,Andhra Pradesh,4-Wheelers,16,5831
5/1/2021,Goa,4-Wheelers,4,393
5/1/2021,Gujarat,4-Wheelers,29,15959
5/1/2021,Karnataka,4-Wheelers,2,646
5/1/2021,Kerala,4-Wheelers,48,5164
5/1/2021,Maharashtra,4-Wheelers,121,13528
5/1/2021,Puducherry,4-Wheelers,2,119
5/1/2021,Rajasthan,4-Wheelers,7,2756
5/1/2021,Tamil Nadu,4-Wheelers,14,3413
5/1/2021,Uttar Pradesh,4-Wheelers,3,14016
5/1/2021,West Bengal,4-Wheelers,6,3962
6/1/2021,Andhra Pradesh,4-Wheelers,39,6098
6/1/2021,Bihar,4-Wheelers,4,5692
6/1/2021,Chandigarh,4-Wheelers,12,2050
6/1/2021,Chhattisgarh,4-Wheelers,5,4526
6/1/2021,Delhi,4-Wheelers,148,12914
6/1/2021,Goa,4-Wheelers,14,749
6/1/2021,Gujarat,4-Wheelers,61,19359
6/1/2021,Haryana,4-Wheelers,4,13420
6/1/2021,Jharkhand,4-Wheelers,4,4405
6/1/2021,Karnataka,4-Wheelers,71,8030
6/1/2021,Kerala,4-Wheelers,140,10018
6/1/2021,Madhya Pradesh,4-Wheelers,13,12092
6/1/2021,Maharashtra,4-Wheelers,190,24817
6/1/2021,Odisha,4-Wheelers,2,3041
6/1/2021,Punjab,4-Wheelers,3,7126
6/1/2021,Rajasthan,4-Wheelers,34,12070
6/1/2021,Tamil Nadu,4-Wheelers,42,7793
6/1/2021,Uttar Pradesh,4-Wheelers,3,25704
6/1/2021,Uttarakhand,4-Wheelers,7,2972
6/1/2021,West Bengal,4-Wheelers,18,6316
7/1/2021,Andaman & Nicobar Island,4-Wheelers,8,176
7/1/2021,Andhra Pradesh,4-Wheelers,36,7877
7/1/2021,Bihar,4-Wheelers,5,5438
7/1/2021,Chandigarh,4-Wheelers,9,1916
7/1/2021,Chhattisgarh,4-Wheelers,12,4916
7/1/2021,Delhi,4-Wheelers,131,15033
7/1/2021,Goa,4-Wheelers,10,982
7/1/2021,Gujarat,4-Wheelers,53,23792
7/1/2021,Haryana,4-Wheelers,6,14524
7/1/2021,Himachal Pradesh,4-Wheelers,2,3811
7/1/2021,Jharkhand,4-Wheelers,4,5020
7/1/2021,Karnataka,4-Wheelers,196,21640
7/1/2021,Kerala,4-Wheelers,139,18406
7/1/2021,Madhya Pradesh,4-Wheelers,17,14581
7/1/2021,Maharashtra,4-Wheelers,286,38063
7/1/2021,Odisha,4-Wheelers,3,5552
7/1/2021,Punjab,4-Wheelers,3,9328
7/1/2021,Rajasthan,4-Wheelers,52,14374
7/1/2021,Tamil Nadu,4-Wheelers,88,20857
7/1/2021,Uttar Pradesh,4-Wheelers,8,27999
7/1/2021,Uttarakhand,4-Wheelers,11,4182
7/1/2021,West Bengal,4-Wheelers,37,8919
8/1/2021,Andhra Pradesh,4-Wheelers,78,8245
8/1/2021,Assam,4-Wheelers,2,6447
8/1/2021,Bihar,4-Wheelers,7,5724
8/1/2021,Chandigarh,4-Wheelers,9,1845
8/1/2021,Chhattisgarh,4-Wheelers,11,4350
8/1/2021,Delhi,4-Wheelers,157,13177
8/1/2021,Goa,4-Wheelers,19,1439
8/1/2021,Gujarat,4-Wheelers,83,20394
8/1/2021,Haryana,4-Wheelers,3,16027
8/1/2021,Jharkhand,4-Wheelers,3,5113
8/1/2021,Karnataka,4-Wheelers,137,21975
8/1/2021,Kerala,4-Wheelers,183,22813
8/1/2021,Madhya Pradesh,4-Wheelers,26,12758
8/1/2021,Maharashtra,4-Wheelers,197,35127
8/1/2021,Odisha,4-Wheelers,4,5453
8/1/2021,Punjab,4-Wheelers,4,9209
8/1/2021,Rajasthan,4-Wheelers,53,11454
8/1/2021,Tamil Nadu,4-Wheelers,88,20865
8/1/2021,Uttar Pradesh,4-Wheelers,3,24012
8/1/2021,Uttarakhand,4-Wheelers,6,3760
8/1/2021,West Bengal,4-Wheelers,28,9198
9/1/2021,Andhra Pradesh,4-Wheelers,39,7952
9/1/2021,Bihar,4-Wheelers,4,4339
9/1/2021,Chandigarh,4-Wheelers,20,1607
9/1/2021,Chhattisgarh,4-Wheelers,12,3650
9/1/2021,Delhi,4-Wheelers,265,9181
9/1/2021,Goa,4-Wheelers,34,1277
9/1/2021,Gujarat,4-Wheelers,131,24797
9/1/2021,Haryana,4-Wheelers,7,14879
9/1/2021,Jharkhand,4-Wheelers,12,3892
9/1/2021,Karnataka,4-Wheelers,227,21407
9/1/2021,Kerala,4-Wheelers,164,22063
9/1/2021,Madhya Pradesh,4-Wheelers,23,11756
9/1/2021,Maharashtra,4-Wheelers,148,27900
9/1/2021,Odisha,4-Wheelers,2,4865
9/1/2021,Puducherry,4-Wheelers,2,640
9/1/2021,Punjab,4-Wheelers,3,7521
9/1/2021,Rajasthan,4-Wheelers,69,11035
9/1/2021,Tamil Nadu,4-Wheelers,107,18823
9/1/2021,Uttar Pradesh,4-Wheelers,4,23510
9/1/2021,Uttarakhand,4-Wheelers,10,3171
9/1/2021,West Bengal,4-Wheelers,34,9437
10/1/2021,Andhra Pradesh,4-Wheelers,37,7366
10/1/2021,Bihar,4-Wheelers,7,5838
10/1/2021,Chandigarh,4-Wheelers,12,1816
10/1/2021,Chhattisgarh,4-Wheelers,11,5255
10/1/2021,Delhi,4-Wheelers,253,12876
10/1/2021,Goa,4-Wheelers,28,1165
10/1/2021,Gujarat,4-Wheelers,104,23184
10/1/2021,Haryana,4-Wheelers,8,11634
10/1/2021,Jammu and Kashmir,4-Wheelers,2,4205
10/1/2021,Jharkhand,4-Wheelers,5,4806
10/1/2021,Karnataka,4-Wheelers,163,18505
10/1/2021,Kerala,4-Wheelers,158,14562
10/1/2021,Madhya Pradesh,4-Wheelers,20,9554
10/1/2021,Maharashtra,4-Wheelers,298,33771
10/1/2021,Odisha,4-Wheelers,2,5830
10/1/2021,Punjab,4-Wheelers,5,8523
10/1/2021,Rajasthan,4-Wheelers,86,12823
10/1/2021,Tamil Nadu,4-Wheelers,119,14796
10/1/2021,Uttar Pradesh,4-Wheelers,10,23095
10/1/2021,Uttarakhand,4-Wheelers,13,3523
10/1/2021,West Bengal,4-Wheelers,33,7120
11/1/2021,Andhra Pradesh,4-Wheelers,34,7374
11/1/2021,Bihar,4-Wheelers,11,6992
11/1/2021,Chandigarh,4-Wheelers,16,1919
11/1/2021,Chhattisgarh,4-Wheelers,14,4824
11/1/2021,Delhi,4-Wheelers,185,11782
11/1/2021,Goa,4-Wheelers,20,1293
11/1/2021,Gujarat,4-Wheelers,121,22396
11/1/2021,Haryana,4-Wheelers,13,16035
11/1/2021,Jharkhand,4-Wheelers,8,5320
11/1/2021,Karnataka,4-Wheelers,153,17247
11/1/2021,Kerala,4-Wheelers,214,15244
11/1/2021,Madhya Pradesh,4-Wheelers,31,12871
11/1/2021,Maharashtra,4-Wheelers,515,28322
11/1/2021,Odisha,4-Wheelers,18,5095
11/1/2021,Punjab,4-Wheelers,3,9015
11/1/2021,Rajasthan,4-Wheelers,79,16115
11/1/2021,Tamil Nadu,4-Wheelers,108,15533
11/1/2021,Uttar Pradesh,4-Wheelers,10,29608
11/1/2021,Uttarakhand,4-Wheelers,12,3954
11/1/2021,West Bengal,4-Wheelers,59,8836
12/1/2021,Andhra Pradesh,4-Wheelers,31,6314
12/1/2021,Assam,4-Wheelers,3,6737
12/1/2021,Bihar,4-Wheelers,7,5031
12/1/2021,Chandigarh,4-Wheelers,12,1985
12/1/2021,Chhattisgarh,4-Wheelers,5,3651
12/1/2021,Delhi,4-Wheelers,277,12633
12/1/2021,Goa,4-Wheelers,19,1306
12/1/2021,Gujarat,4-Wheelers,163,24277
12/1/2021,Haryana,4-Wheelers,11,16015
12/1/2021,Jharkhand,4-Wheelers,3,4258
12/1/2021,Karnataka,4-Wheelers,153,16243
12/1/2021,Kerala,4-Wheelers,186,16994
12/1/2021,Madhya Pradesh,4-Wheelers,30,11820
12/1/2021,Maharashtra,4-Wheelers,1392,29346
12/1/2021,Odisha,4-Wheelers,20,4634
12/1/2021,Puducherry,4-Wheelers,2,608
12/1/2021,Punjab,4-Wheelers,6,10624
12/1/2021,Rajasthan,4-Wheelers,73,12739
12/1/2021,Tamil Nadu,4-Wheelers,121,17001
12/1/2021,Uttar Pradesh,4-Wheelers,21,33774
12/1/2021,Uttarakhand,4-Wheelers,38,4270
12/1/2021,West Bengal,4-Wheelers,39,8452
1/1/2022,Andhra Pradesh,4-Wheelers,29,8418
1/1/2022,Bihar,4-Wheelers,10,5538
1/1/2022,Chandigarh,4-Wheelers,7,1519
1/1/2022,Chhattisgarh,4-Wheelers,11,4667
1/1/2022,Delhi,4-Wheelers,282,13659
1/1/2022,Goa,4-Wheelers,26,1185
1/1/2022,Gujarat,4-Wheelers,97,21963
1/1/2022,Haryana,4-Wheelers,26,17633
1/1/2022,Himachal Pradesh,4-Wheelers,3,3090
1/1/2022,Jharkhand,4-Wheelers,5,4345
1/1/2022,Karnataka,4-Wheelers,209,21967
1/1/2022,Kerala,4-Wheelers,212,17441
1/1/2022,Madhya Pradesh,4-Wheelers,25,11325
1/1/2022,Maharashtra,4-Wheelers,263,35772
1/1/2022,Odisha,4-Wheelers,27,5876
1/1/2022,Punjab,4-Wheelers,7,9792
1/1/2022,Rajasthan,4-Wheelers,92,13658
1/1/2022,Tamil Nadu,4-Wheelers,121,20494
1/1/2022,Uttar Pradesh,4-Wheelers,14,32561
1/1/2022,Uttarakhand,4-Wheelers,30,4241
1/1/2022,West Bengal,4-Wheelers,54,7968
2/1/2022,Andhra Pradesh,4-Wheelers,43,6361
2/1/2022,Assam,4-Wheelers,3,6152
2/1/2022,Bihar,4-Wheelers,8,5658
2/1/2022,Chandigarh,4-Wheelers,11,1941
2/1/2022,Chhattisgarh,4-Wheelers,20,3922
2/1/2022,Delhi,4-Wheelers,298,12608
2/1/2022,Goa,4-Wheelers,62,1160
2/1/2022,Gujarat,4-Wheelers,128,24012
2/1/2022,Haryana,4-Wheelers,28,16353
2/1/2022,Himachal Pradesh,4-Wheelers,5,3616
2/1/2022,Jammu and Kashmir,4-Wheelers,7,4679
2/1/2022,Jharkhand,4-Wheelers,4,4335
2/1/2022,Karnataka,4-Wheelers,202,17561
2/1/2022,Kerala,4-Wheelers,327,14575
2/1/2022,Madhya Pradesh,4-Wheelers,22,11274
2/1/2022,Maharashtra,4-Wheelers,905,31805
2/1/2022,Odisha,4-Wheelers,27,5023
2/1/2022,Punjab,4-Wheelers,5,9464
2/1/2022,Rajasthan,4-Wheelers,116,14811
2/1/2022,Tamil Nadu,4-Wheelers,135,16711
2/1/2022,Uttar Pradesh,4-Wheelers,22,28479
2/1/2022,Uttarakhand,4-Wheelers,24,3820
2/1/2022,West Bengal,4-Wheelers,45,7395
3/1/2022,Andaman & Nicobar Island,4-Wheelers,2,108
3/1/2022,Andhra Pradesh,4-Wheelers,55,7288
3/1/2022,Assam,4-Wheelers,2,7281
3/1/2022,Bihar,4-Wheelers,12,6694
3/1/2022,Chandigarh,4-Wheelers,14,2279
3/1/2022,Chhattisgarh,4-Wheelers,19,4200
3/1/2022,Delhi,4-Wheelers,220,13385
3/1/2022,Goa,4-Wheelers,91,1474
3/1/2022,Gujarat,4-Wheelers,249,26077
3/1/2022,Haryana,4-Wheelers,13,18621
3/1/2022,Himachal Pradesh,4-Wheelers,3,3371
3/1/2022,Jammu and Kashmir,4-Wheelers,4,4854
3/1/2022,Jharkhand,4-Wheelers,5,5062
3/1/2022,Karnataka,4-Wheelers,230,22167
3/1/2022,Kerala,4-Wheelers,331,16628
3/1/2022,Madhya Pradesh,4-Wheelers,35,11616
3/1/2022,Maharashtra,4-Wheelers,2060,39762
3/1/2022,Odisha,4-Wheelers,31,6098
3/1/2022,Puducherry,4-Wheelers,3,817
3/1/2022,Punjab,4-Wheelers,4,10836
3/1/2022,Rajasthan,4-Wheelers,89,13751
3/1/2022,Tamil Nadu,4-Wheelers,168,20604
3/1/2022,Uttar Pradesh,4-Wheelers,18,29324
3/1/2022,Uttarakhand,4-Wheelers,20,4026
3/1/2022,West Bengal,4-Wheelers,41,8539
4/1/2022,Andhra Pradesh,4-Wheelers,54,7195
4/1/2022,Assam,4-Wheelers,2,6354
4/1/2022,Bihar,4-Wheelers,8,5981
4/1/2022,Chandigarh,4-Wheelers,12,2167
4/1/2022,Chhattisgarh,4-Wheelers,20,4861
4/1/2022,Delhi,4-Wheelers,566,15811
4/1/2022,Goa,4-Wheelers,31,1390
4/1/2022,Gujarat,4-Wheelers,171,26534
4/1/2022,Haryana,4-Wheelers,11,16721
4/1/2022,Himachal Pradesh,4-Wheelers,4,3140
4/1/2022,Jammu and Kashmir,4-Wheelers,3,4468
4/1/2022,Jharkhand,4-Wheelers,9,4564
4/1/2022,Karnataka,4-Wheelers,311,24129
4/1/2022,Kerala,4-Wheelers,275,16142
4/1/2022,Madhya Pradesh,4-Wheelers,37,11896
4/1/2022,Maharashtra,4-Wheelers,354,32449
4/1/2022,Odisha,4-Wheelers,31,5448
4/1/2022,Puducherry,4-Wheelers,2,702
4/1/2022,Punjab,4-Wheelers,3,10147
4/1/2022,Rajasthan,4-Wheelers,87,15176
4/1/2022,Tamil Nadu,4-Wheelers,154,17499
4/1/2022,Uttar Pradesh,4-Wheelers,11,32173
4/1/2022,Uttarakhand,4-Wheelers,49,4116
4/1/2022,West Bengal,4-Wheelers,40,8560
5/1/2022,Andhra Pradesh,4-Wheelers,59,6927
5/1/2022,Assam,4-Wheelers,7,6761
5/1/2022,Bihar,4-Wheelers,12,6495
5/1/2022,Chandigarh,4-Wheelers,20,2248
5/1/2022,Chhattisgarh,4-Wheelers,24,4397
5/1/2022,Delhi,4-Wheelers,750,15194
5/1/2022,Goa,4-Wheelers,51,1360
5/1/2022,Gujarat,4-Wheelers,163,23174
5/1/2022,Haryana,4-Wheelers,31,18343
5/1/2022,Himachal Pradesh,4-Wheelers,3,3778
5/1/2022,Jammu and Kashmir,4-Wheelers,2,4775
5/1/2022,Jharkhand,4-Wheelers,3,4306
5/1/2022,Karnataka,4-Wheelers,241,20924
5/1/2022,Kerala,4-Wheelers,258,15706
5/1/2022,Madhya Pradesh,4-Wheelers,43,14017
5/1/2022,Maharashtra,4-Wheelers,794,34222
5/1/2022,Meghalaya,4-Wheelers,3,1051
5/1/2022,Odisha,4-Wheelers,40,5583
5/1/2022,Puducherry,4-Wheelers,2,726
5/1/2022,Punjab,4-Wheelers,2,9843
5/1/2022,Rajasthan,4-Wheelers,124,17047
5/1/2022,Tamil Nadu,4-Wheelers,202,19368
5/1/2022,Uttar Pradesh,4-Wheelers,26,30695
5/1/2022,Uttarakhand,4-Wheelers,22,3948
5/1/2022,West Bengal,4-Wheelers,76,8341
6/1/2022,Andhra Pradesh,4-Wheelers,47,6652
6/1/2022,Assam,4-Wheelers,9,5825
6/1/2022,Bihar,4-Wheelers,16,5543
6/1/2022,Chandigarh,4-Wheelers,19,1993
6/1/2022,Chhattisgarh,4-Wheelers,32,3933
6/1/2022,DNH and DD,4-Wheelers,4,369
6/1/2022,Delhi,4-Wheelers,267,14908
6/1/2022,Goa,4-Wheelers,74,1342
6/1/2022,Gujarat,4-Wheelers,337,26192
6/1/2022,Haryana,4-Wheelers,26,17365
6/1/2022,Himachal Pradesh,4-Wheelers,2,3457
6/1/2022,Jammu and Kashmir,4-Wheelers,4,4239
6/1/2022,Jharkhand,4-Wheelers,19,4097
6/1/2022,Karnataka,4-Wheelers,359,22817
6/1/2022,Kerala,4-Wheelers,345,16486
6/1/2022,Madhya Pradesh,4-Wheelers,42,12480
6/1/2022,Maharashtra,4-Wheelers,1082,35587
6/1/2022,Odisha,4-Wheelers,32,5778
6/1/2022,Puducherry,4-Wheelers,9,808
6/1/2022,Punjab,4-Wheelers,3,9388
6/1/2022,Rajasthan,4-Wheelers,136,13559
6/1/2022,Tamil Nadu,4-Wheelers,199,20592
6/1/2022,Uttar Pradesh,4-Wheelers,17,27820
6/1/2022,Uttarakhand,4-Wheelers,38,3959
6/1/2022,West Bengal,4-Wheelers,91,8407
7/1/2022,Andhra Pradesh,4-Wheelers,63,6757
7/1/2022,Assam,4-Wheelers,11,6769
7/1/2022,Bihar,4-Wheelers,10,5215
7/1/2022,Chandigarh,4-Wheelers,21,2709
7/1/2022,Chhattisgarh,4-Wheelers,29,4394
7/1/2022,Delhi,4-Wheelers,438,16056
7/1/2022,Goa,4-Wheelers,107,1545
7/1/2022,Gujarat,4-Wheelers,308,24735
7/1/2022,Haryana,4-Wheelers,135,17539
7/1/2022,Himachal Pradesh,4-Wheelers,6,3618
7/1/2022,Jammu and Kashmir,4-Wheelers,9,4577
7/1/2022,Jharkhand,4-Wheelers,7,4187
7/1/2022,Karnataka,4-Wheelers,358,19322
7/1/2022,Kerala,4-Wheelers,292,14993
7/1/2022,Madhya Pradesh,4-Wheelers,45,11437
7/1/2022,Maharashtra,4-Wheelers,1098,35100
7/1/2022,Meghalaya,4-Wheelers,2,1053
7/1/2022,Odisha,4-Wheelers,29,5336
7/1/2022,Puducherry,4-Wheelers,5,681
7/1/2022,Punjab,4-Wheelers,7,9415
7/1/2022,Rajasthan,4-Wheelers,102,12817
7/1/2022,Tamil Nadu,4-Wheelers,176,17830
7/1/2022,Uttar Pradesh,4-Wheelers,19,27276
7/1/2022,Uttarakhand,4-Wheelers,34,3820
7/1/2022,West Bengal,4-Wheelers,93,8312
8/1/2022,Andhra Pradesh,4-Wheelers,64,7491
8/1/2022,Assam,4-Wheelers,10,6733
8/1/2022,Bihar,4-Wheelers,15,5012
8/1/2022,Chandigarh,4-Wheelers,19,1903
8/1/2022,Chhattisgarh,4-Wheelers,35,3974
8/1/2022,Delhi,4-Wheelers,443,16315
8/1/2022,Goa,4-Wheelers,44,2364
8/1/2022,Gujarat,4-Wheelers,230,23571
8/1/2022,Haryana,4-Wheelers,163,18545
8/1/2022,Himachal Pradesh,4-Wheelers,2,3517
8/1/2022,Jammu and Kashmir,4-Wheelers,3,4299
8/1/2022,Jharkhand,4-Wheelers,15,4040
8/1/2022,Karnataka,4-Wheelers,363,23924
8/1/2022,Kerala,4-Wheelers,342,21051
8/1/2022,Ladakh,4-Wheelers,9,269
8/1/2022,Madhya Pradesh,4-Wheelers,72,15953
8/1/2022,Maharashtra,4-Wheelers,992,40173
8/1/2022,Odisha,4-Wheelers,43,5716
8/1/2022,Puducherry,4-Wheelers,4,758
8/1/2022,Punjab,4-Wheelers,3,9913
8/1/2022,Rajasthan,4-Wheelers,145,12578
8/1/2022,Tamil Nadu,4-Wheelers,182,20944
8/1/2022,Uttar Pradesh,4-Wheelers,15,25778
8/1/2022,Uttarakhand,4-Wheelers,34,3599
8/1/2022,West Bengal,4-Wheelers,110,9228
9/1/2022,Andhra Pradesh,4-Wheelers,61,8003
9/1/2022,Assam,4-Wheelers,13,8690
9/1/2022,Bihar,4-Wheelers,14,5315
9/1/2022,Chandigarh,4-Wheelers,26,2119
9/1/2022,Chhattisgarh,4-Wheelers,50,3978
9/1/2022,Delhi,4-Wheelers,471,14076
9/1/2022,Goa,4-Wheelers,42,1687
9/1/2022,Gujarat,4-Wheelers,299,25102
9/1/2022,Haryana,4-Wheelers,49,14140
9/1/2022,Himachal Pradesh,4-Wheelers,4,2815
9/1/2022,Jammu and Kashmir,4-Wheelers,4,4432
9/1/2022,Jharkhand,4-Wheelers,31,4183
9/1/2022,Karnataka,4-Wheelers,493,25136
9/1/2022,Kerala,4-Wheelers,397,19551
9/1/2022,Madhya Pradesh,4-Wheelers,61,11080
9/1/2022,Maharashtra,4-Wheelers,939,33643
9/1/2022,Meghalaya,4-Wheelers,2,1047
9/1/2022,Odisha,4-Wheelers,40,5941
9/1/2022,Puducherry,4-Wheelers,2,858
9/1/2022,Punjab,4-Wheelers,4,8968
9/1/2022,Rajasthan,4-Wheelers,150,12513
9/1/2022,Tamil Nadu,4-Wheelers,218,21233
9/1/2022,Uttar Pradesh,4-Wheelers,23,22777
9/1/2022,Uttarakhand,4-Wheelers,29,3066
9/1/2022,West Bengal,4-Wheelers,123,11473
10/1/2022,Andhra Pradesh,4-Wheelers,57,8075
10/1/2022,Assam,4-Wheelers,11,7529
10/1/2022,Bihar,4-Wheelers,19,7888
10/1/2022,Chandigarh,4-Wheelers,16,2422
10/1/2022,Chhattisgarh,4-Wheelers,51,7365
10/1/2022,DNH and DD,4-Wheelers,2,432
10/1/2022,Delhi,4-Wheelers,633,18613
10/1/2022,Goa,4-Wheelers,40,2230
10/1/2022,Gujarat,4-Wheelers,189,31456
10/1/2022,Haryana,4-Wheelers,39,21475
10/1/2022,Himachal Pradesh,4-Wheelers,2,3447
10/1/2022,Jammu and Kashmir,4-Wheelers,8,4556
10/1/2022,Jharkhand,4-Wheelers,22,6208
10/1/2022,Karnataka,4-Wheelers,563,26091
10/1/2022,Kerala,4-Wheelers,419,16857
10/1/2022,Madhya Pradesh,4-Wheelers,63,22052
10/1/2022,Maharashtra,4-Wheelers,1174,51561
10/1/2022,Odisha,4-Wheelers,43,6848
10/1/2022,Puducherry,4-Wheelers,4,754
10/1/2022,Punjab,4-Wheelers,3,10552
10/1/2022,Rajasthan,4-Wheelers,204,22678
10/1/2022,Tamil Nadu,4-Wheelers,184,18425
10/1/2022,Uttar Pradesh,4-Wheelers,21,42577
10/1/2022,Uttarakhand,4-Wheelers,50,5163
10/1/2022,West Bengal,4-Wheelers,94,6483
11/1/2022,Andhra Pradesh,4-Wheelers,95,6272
11/1/2022,Assam,4-Wheelers,10,7676
11/1/2022,Bihar,4-Wheelers,6,6295
11/1/2022,Chandigarh,4-Wheelers,61,2279
11/1/2022,Chhattisgarh,4-Wheelers,33,3846
11/1/2022,DNH and DD,4-Wheelers,2,455
11/1/2022,Delhi,4-Wheelers,483,15949
11/1/2022,Goa,4-Wheelers,26,1797
11/1/2022,Gujarat,4-Wheelers,374,36212
11/1/2022,Haryana,4-Wheelers,133,21202
11/1/2022,Himachal Pradesh,4-Wheelers,2,5135
11/1/2022,Jharkhand,4-Wheelers,15,4657
11/1/2022,Karnataka,4-Wheelers,564,23618
11/1/2022,Kerala,4-Wheelers,325,15267
11/1/2022,Madhya Pradesh,4-Wheelers,54,10575
11/1/2022,Maharashtra,4-Wheelers,1144,35215
11/1/2022,Odisha,4-Wheelers,53,5833
11/1/2022,Puducherry,4-Wheelers,9,782
11/1/2022,Rajasthan,4-Wheelers,113,15252
11/1/2022,Tamil Nadu,4-Wheelers,311,20180
11/1/2022,Uttar Pradesh,4-Wheelers,11,31886
11/1/2022,Uttarakhand,4-Wheelers,31,5199
11/1/2022,West Bengal,4-Wheelers,121,10465
12/1/2022,Andaman & Nicobar Island,4-Wheelers,3,229
12/1/2022,Andhra Pradesh,4-Wheelers,120,6769
12/1/2022,Assam,4-Wheelers,4,8441
12/1/2022,Bihar,4-Wheelers,5,4752
12/1/2022,Chandigarh,4-Wheelers,46,2261
12/1/2022,Chhattisgarh,4-Wheelers,40,3887
12/1/2022,DNH and DD,4-Wheelers,2,365
12/1/2022,Delhi,4-Wheelers,791,15492
12/1/2022,Goa,4-Wheelers,30,1744
12/1/2022,Gujarat,4-Wheelers,260,27614
12/1/2022,Haryana,4-Wheelers,177,18223
12/1/2022,Himachal Pradesh,4-Wheelers,7,4026
12/1/2022,Jammu and Kashmir,4-Wheelers,4,5304
12/1/2022,Jharkhand,4-Wheelers,22,3979
12/1/2022,Karnataka,4-Wheelers,438,22142
12/1/2022,Kerala,4-Wheelers,298,16601
12/1/2022,Madhya Pradesh,4-Wheelers,35,11124
12/1/2022,Maharashtra,4-Wheelers,887,32422
12/1/2022,Odisha,4-Wheelers,42,6616
12/1/2022,Puducherry,4-Wheelers,4,690
12/1/2022,Rajasthan,4-Wheelers,110,12634
12/1/2022,Tamil Nadu,4-Wheelers,406,20201
12/1/2022,Uttar Pradesh,4-Wheelers,13,27230
12/1/2022,Uttarakhand,4-Wheelers,24,3881
12/1/2022,West Bengal,4-Wheelers,65,8047
1/1/2023,Andhra Pradesh,4-Wheelers,121,10775
1/1/2023,Assam,4-Wheelers,5,7240
1/1/2023,Bihar,4-Wheelers,19,6600
1/1/2023,Chandigarh,4-Wheelers,50,2500
1/1/2023,Chhattisgarh,4-Wheelers,56,4880
1/1/2023,Delhi,4-Wheelers,331,17993
1/1/2023,Goa,4-Wheelers,44,1888
1/1/2023,Gujarat,4-Wheelers,212,25859
1/1/2023,Haryana,4-Wheelers,141,25164
1/1/2023,Himachal Pradesh,4-Wheelers,5,4192
1/1/2023,Jammu and Kashmir,4-Wheelers,4,4245
1/1/2023,Jharkhand,4-Wheelers,41,5016
1/1/2023,Karnataka,4-Wheelers,587,26011
1/1/2023,Kerala,4-Wheelers,344,17267
1/1/2023,Madhya Pradesh,4-Wheelers,69,17945
1/1/2023,Maharashtra,4-Wheelers,827,44349
1/1/2023,Manipur,4-Wheelers,3,892
1/1/2023,Odisha,4-Wheelers,51,6278
1/1/2023,Puducherry,4-Wheelers,3,1004
1/1/2023,Rajasthan,4-Wheelers,155,18017
1/1/2023,Tamil Nadu,4-Wheelers,202,24430
1/1/2023,Uttar Pradesh,4-Wheelers,26,41439
1/1/2023,Uttarakhand,4-Wheelers,16,5040
1/1/2023,West Bengal,4-Wheelers,124,9141
2/1/2023,Andhra Pradesh,4-Wheelers,116,6628
2/1/2023,Assam,4-Wheelers,13,7029
2/1/2023,Bihar,4-Wheelers,46,6117
2/1/2023,Chandigarh,4-Wheelers,59,2061
2/1/2023,Chhattisgarh,4-Wheelers,73,4196
2/1/2023,DNH and DD,4-Wheelers,3,411
2/1/2023,Delhi,4-Wheelers,510,14823
2/1/2023,Goa,4-Wheelers,83,1760
2/1/2023,Gujarat,4-Wheelers,271,28856
2/1/2023,Haryana,4-Wheelers,175,19656
2/1/2023,Himachal Pradesh,4-Wheelers,21,3952
2/1/2023,Jammu and Kashmir,4-Wheelers,8,4449
2/1/2023,Jharkhand,4-Wheelers,33,4234
2/1/2023,Karnataka,4-Wheelers,616,21837
2/1/2023,Kerala,4-Wheelers,662,14603
2/1/2023,Madhya Pradesh,4-Wheelers,144,17295
2/1/2023,Maharashtra,4-Wheelers,1012,30727
2/1/2023,Manipur,4-Wheelers,5,756
2/1/2023,Odisha,4-Wheelers,60,5397
2/1/2023,Puducherry,4-Wheelers,3,703
2/1/2023,Punjab,4-Wheelers,18,11765
2/1/2023,Rajasthan,4-Wheelers,293,15819
2/1/2023,Tamil Nadu,4-Wheelers,307,18758
2/1/2023,Uttar Pradesh,4-Wheelers,60,32464
2/1/2023,Uttarakhand,4-Wheelers,23,3985
2/1/2023,West Bengal,4-Wheelers,142,8054
3/1/2023,Andhra Pradesh,4-Wheelers,173,7764
3/1/2023,Assam,4-Wheelers,20,8324
3/1/2023,Bihar,4-Wheelers,47,6322
3/1/2023,Chandigarh,4-Wheelers,131,2589
3/1/2023,Chhattisgarh,4-Wheelers,95,5119
3/1/2023,DNH and DD,4-Wheelers,2,485
3/1/2023,Delhi,4-Wheelers,1544,18638
3/1/2023,Goa,4-Wheelers,112,2439
3/1/2023,Gujarat,4-Wheelers,498,26082
3/1/2023,Haryana,4-Wheelers,477,21547
3/1/2023,Himachal Pradesh,4-Wheelers,7,3574
3/1/2023,Jammu and Kashmir,4-Wheelers,17,5388
3/1/2023,Jharkhand,4-Wheelers,52,4670
3/1/2023,Karnataka,4-Wheelers,1062,28169
3/1/2023,Kerala,4-Wheelers,1107,24727
3/1/2023,Madhya Pradesh,4-Wheelers,159,14745
3/1/2023,Maharashtra,4-Wheelers,1389,42854
3/1/2023,Odisha,4-Wheelers,74,6358
3/1/2023,Puducherry,4-Wheelers,4,999
3/1/2023,Punjab,4-Wheelers,13,12430
3/1/2023,Rajasthan,4-Wheelers,425,18370
3/1/2023,Tamil Nadu,4-Wheelers,571,22131
3/1/2023,Tripura,4-Wheelers,9,329
3/1/2023,Uttar Pradesh,4-Wheelers,431,34186
3/1/2023,Uttarakhand,4-Wheelers,48,4596
3/1/2023,West Bengal,4-Wheelers,352,8955
4/1/2023,Andhra Pradesh,4-Wheelers,225,7229
4/1/2023,Assam,4-Wheelers,20,7022
4/1/2023,Bihar,4-Wheelers,40,5840
4/1/2023,Chandigarh,4-Wheelers,62,2482
4/1/2023,Chhattisgarh,4-Wheelers,93,5558
4/1/2023,Delhi,4-Wheelers,551,14861
4/1/2023,Goa,4-Wheelers,57,1633
4/1/2023,Gujarat,4-Wheelers,537,28451
4/1/2023,Haryana,4-Wheelers,363,21914
4/1/2023,Himachal Pradesh,4-Wheelers,9,3880
4/1/2023,Jammu and Kashmir,4-Wheelers,4,3728
4/1/2023,Jharkhand,4-Wheelers,39,4281
4/1/2023,Karnataka,4-Wheelers,762,22368
4/1/2023,Kerala,4-Wheelers,637,9171
4/1/2023,Madhya Pradesh,4-Wheelers,95,10894
4/1/2023,Maharashtra,4-Wheelers,1139,35336
4/1/2023,Meghalaya,4-Wheelers,2,1094
4/1/2023,Odisha,4-Wheelers,84,5315
4/1/2023,Puducherry,4-Wheelers,5,735
4/1/2023,Punjab,4-Wheelers,22,9734
4/1/2023,Rajasthan,4-Wheelers,291,14377
4/1/2023,Tamil Nadu,4-Wheelers,399,18659
4/1/2023,Uttar Pradesh,4-Wheelers,364,32143
4/1/2023,Uttarakhand,4-Wheelers,47,4887
4/1/2023,West Bengal,4-Wheelers,152,7999
5/1/2023,Andhra Pradesh,4-Wheelers,216,8095
5/1/2023,Assam,4-Wheelers,30,6994
5/1/2023,Bihar,4-Wheelers,46,6865
5/1/2023,Chandigarh,4-Wheelers,83,2556
5/1/2023,Chhattisgarh,4-Wheelers,185,3785
5/1/2023,DNH and DD,4-Wheelers,4,416
5/1/2023,Delhi,4-Wheelers,787,16609
5/1/2023,Goa,4-Wheelers,85,1878
5/1/2023,Gujarat,4-Wheelers,710,25770
5/1/2023,Haryana,4-Wheelers,211,21218
5/1/2023,Himachal Pradesh,4-Wheelers,21,3565
5/1/2023,Jammu and Kashmir,4-Wheelers,14,5095
5/1/2023,Jharkhand,4-Wheelers,37,4755
5/1/2023,Karnataka,4-Wheelers,999,22601
5/1/2023,Kerala,4-Wheelers,954,14819
5/1/2023,Madhya Pradesh,4-Wheelers,136,12488
5/1/2023,Maharashtra,4-Wheelers,1137,35179
5/1/2023,Manipur,4-Wheelers,4,119
5/1/2023,Meghalaya,4-Wheelers,2,1027
5/1/2023,Odisha,4-Wheelers,105,5951
5/1/2023,Puducherry,4-Wheelers,6,943
5/1/2023,Punjab,4-Wheelers,63,11047
5/1/2023,Rajasthan,4-Wheelers,419,16157
5/1/2023,Tamil Nadu,4-Wheelers,529,20789
5/1/2023,Tripura,4-Wheelers,2,436
5/1/2023,Uttar Pradesh,4-Wheelers,472,34515
5/1/2023,Uttarakhand,4-Wheelers,61,4675
5/1/2023,West Bengal,4-Wheelers,322,8672
6/1/2023,Andhra Pradesh,4-Wheelers,156,6611
6/1/2023,Assam,4-Wheelers,28,6751
6/1/2023,Bihar,4-Wheelers,52,6134
6/1/2023,Chandigarh,4-Wheelers,77,2597
6/1/2023,Chhattisgarh,4-Wheelers,114,3650
6/1/2023,Delhi,4-Wheelers,935,15723
6/1/2023,Goa,4-Wheelers,75,1699
6/1/2023,Gujarat,4-Wheelers,698,24829
6/1/2023,Haryana,4-Wheelers,263,21135
6/1/2023,Himachal Pradesh,4-Wheelers,19,3448
6/1/2023,Jammu and Kashmir,4-Wheelers,18,4437
6/1/2023,Jharkhand,4-Wheelers,48,4320
6/1/2023,Karnataka,4-Wheelers,1142,24603
6/1/2023,Kerala,4-Wheelers,885,14389
6/1/2023,Madhya Pradesh,4-Wheelers,107,10927
6/1/2023,Maharashtra,4-Wheelers,1360,36069
6/1/2023,Meghalaya,4-Wheelers,2,950
6/1/2023,Odisha,4-Wheelers,89,5873
6/1/2023,Puducherry,4-Wheelers,8,910
6/1/2023,Punjab,4-Wheelers,76,10547
6/1/2023,Rajasthan,4-Wheelers,380,15534
6/1/2023,Tamil Nadu,4-Wheelers,572,22976
6/1/2023,Tripura,4-Wheelers,2,375
6/1/2023,Uttar Pradesh,4-Wheelers,393,30578
6/1/2023,Uttarakhand,4-Wheelers,42,4393
6/1/2023,West Bengal,4-Wheelers,247,8471
7/1/2023,Andaman & Nicobar Island,4-Wheelers,3,163
7/1/2023,Andhra Pradesh,4-Wheelers,157,6820
7/1/2023,Arunachal Pradesh,4-Wheelers,2,1069
7/1/2023,Assam,4-Wheelers,23,7381
7/1/2023,Bihar,4-Wheelers,58,5189
7/1/2023,Chandigarh,4-Wheelers,71,2326
7/1/2023,Chhattisgarh,4-Wheelers,94,3346
7/1/2023,DNH and DD,4-Wheelers,4,391
7/1/2023,Delhi,4-Wheelers,831,15285
7/1/2023,Goa,4-Wheelers,84,1739
7/1/2023,Gujarat,4-Wheelers,692,27755
7/1/2023,Haryana,4-Wheelers,92,11915
7/1/2023,Himachal Pradesh,4-Wheelers,12,3956
7/1/2023,Jammu and Kashmir,4-Wheelers,11,4435
7/1/2023,Jharkhand,4-Wheelers,31,4010
7/1/2023,Karnataka,4-Wheelers,1221,23154
7/1/2023,Kerala,4-Wheelers,871,14002
7/1/2023,Madhya Pradesh,4-Wheelers,138,10811
7/1/2023,Maharashtra,4-Wheelers,1103,36082
7/1/2023,Manipur,4-Wheelers,6,427
7/1/2023,Meghalaya,4-Wheelers,3,1030
7/1/2023,Odisha,4-Wheelers,134,5745
7/1/2023,Puducherry,4-Wheelers,7,809
7/1/2023,Punjab,4-Wheelers,92,10766
7/1/2023,Rajasthan,4-Wheelers,405,14064
7/1/2023,Tamil Nadu,4-Wheelers,630,20553
7/1/2023,Tripura,4-Wheelers,2,578
7/1/2023,Uttar Pradesh,4-Wheelers,420,29214
7/1/2023,Uttarakhand,4-Wheelers,53,4216
7/1/2023,West Bengal,4-Wheelers,179,8111
8/1/2023,Andaman & Nicobar Island,4-Wheelers,3,183
8/1/2023,Andhra Pradesh,4-Wheelers,104,7397
8/1/2023,Arunachal Pradesh,4-Wheelers,4,1121
8/1/2023,Assam,4-Wheelers,27,7557
8/1/2023,Bihar,4-Wheelers,53,5334
8/1/2023,Chandigarh,4-Wheelers,80,1937
8/1/2023,Chhattisgarh,4-Wheelers,107,3859
8/1/2023,Delhi,4-Wheelers,440,15852
8/1/2023,Goa,4-Wheelers,98,2177
8/1/2023,Gujarat,4-Wheelers,512,25572
8/1/2023,Haryana,4-Wheelers,189,24414
8/1/2023,Himachal Pradesh,4-Wheelers,11,3975
8/1/2023,Jammu and Kashmir,4-Wheelers,15,4843
8/1/2023,Jharkhand,4-Wheelers,52,4040
8/1/2023,Karnataka,4-Wheelers,1196,28235
8/1/2023,Kerala,4-Wheelers,736,18189
8/1/2023,Madhya Pradesh,4-Wheelers,112,11479
8/1/2023,Maharashtra,4-Wheelers,1070,40169
8/1/2023,Manipur,4-Wheelers,6,458
8/1/2023,Meghalaya,4-Wheelers,3,1215
8/1/2023,Odisha,4-Wheelers,146,6282
8/1/2023,Puducherry,4-Wheelers,14,955
8/1/2023,Punjab,4-Wheelers,75,11493
8/1/2023,Rajasthan,4-Wheelers,396,14786
8/1/2023,Tamil Nadu,4-Wheelers,591,23537
8/1/2023,Tripura,4-Wheelers,2,466
8/1/2023,Uttar Pradesh,4-Wheelers,482,29829
8/1/2023,Uttarakhand,4-Wheelers,50,4283
8/1/2023,West Bengal,4-Wheelers,178,9101
9/1/2023,Andhra Pradesh,4-Wheelers,59,7044
9/1/2023,Arunachal Pradesh,4-Wheelers,4,1003
9/1/2023,Assam,4-Wheelers,23,8078
9/1/2023,Bihar,4-Wheelers,60,5210
9/1/2023,Chandigarh,4-Wheelers,54,1491
9/1/2023,Chhattisgarh,4-Wheelers,83,3993
9/1/2023,DNH and DD,4-Wheelers,6,468
9/1/2023,Delhi,4-Wheelers,380,15776
9/1/2023,Goa,4-Wheelers,69,2801
9/1/2023,Gujarat,4-Wheelers,633,36818
9/1/2023,Haryana,4-Wheelers,92,24045
9/1/2023,Himachal Pradesh,4-Wheelers,9,3683
9/1/2023,Jammu and Kashmir,4-Wheelers,9,4430
9/1/2023,Jharkhand,4-Wheelers,22,4600
9/1/2023,Karnataka,4-Wheelers,942,24184
9/1/2023,Kerala,4-Wheelers,773,21467
9/1/2023,Madhya Pradesh,4-Wheelers,117,11748
9/1/2023,Maharashtra,4-Wheelers,869,43063
9/1/2023,Meghalaya,4-Wheelers,3,1139
9/1/2023,Odisha,4-Wheelers,101,6354
9/1/2023,Puducherry,4-Wheelers,10,912
9/1/2023,Punjab,4-Wheelers,83,12368
9/1/2023,Rajasthan,4-Wheelers,375,16356
9/1/2023,Tamil Nadu,4-Wheelers,543,22461
9/1/2023,Tripura,4-Wheelers,3,470
9/1/2023,Uttar Pradesh,4-Wheelers,476,29087
9/1/2023,Uttarakhand,4-Wheelers,30,4234
9/1/2023,West Bengal,4-Wheelers,218,9011
10/1/2023,Andhra Pradesh,4-Wheelers,68,7743
10/1/2023,Arunachal Pradesh,4-Wheelers,2,1111
10/1/2023,Assam,4-Wheelers,24,9481
10/1/2023,Bihar,4-Wheelers,57,6068
10/1/2023,Chandigarh,4-Wheelers,71,1722
10/1/2023,Chhattisgarh,4-Wheelers,79,4920
10/1/2023,DNH and DD,4-Wheelers,12,620
10/1/2023,Delhi,4-Wheelers,519,16459
10/1/2023,Goa,4-Wheelers,87,2094
10/1/2023,Gujarat,4-Wheelers,670,42365
10/1/2023,Haryana,4-Wheelers,220,20543
10/1/2023,Himachal Pradesh,4-Wheelers,7,3066
10/1/2023,Jammu and Kashmir,4-Wheelers,10,4603
10/1/2023,Jharkhand,4-Wheelers,30,4837
10/1/2023,Karnataka,4-Wheelers,1154,25652
10/1/2023,Kerala,4-Wheelers,642,14522
10/1/2023,Madhya Pradesh,4-Wheelers,112,13646
10/1/2023,Maharashtra,4-Wheelers,1404,47126
10/1/2023,Manipur,4-Wheelers,2,272
10/1/2023,Odisha,4-Wheelers,130,8500
10/1/2023,Puducherry,4-Wheelers,7,990
10/1/2023,Punjab,4-Wheelers,94,11396
10/1/2023,Rajasthan,4-Wheelers,464,18951
10/1/2023,Tamil Nadu,4-Wheelers,556,28342
10/1/2023,Tripura,4-Wheelers,3,497
10/1/2023,Uttar Pradesh,4-Wheelers,512,33774
10/1/2023,Uttarakhand,4-Wheelers,34,4562
10/1/2023,West Bengal,4-Wheelers,238,9972
11/1/2023,Andhra Pradesh,4-Wheelers,98,8220
11/1/2023,Arunachal Pradesh,4-Wheelers,3,1226
11/1/2023,Assam,4-Wheelers,26,7960
11/1/2023,Bihar,4-Wheelers,50,9075
11/1/2023,Chandigarh,4-Wheelers,88,1805
11/1/2023,Chhattisgarh,4-Wheelers,99,5877
11/1/2023,DNH and DD,4-Wheelers,3,590
11/1/2023,Delhi,4-Wheelers,538,18675
11/1/2023,Goa,4-Wheelers,97,2521
11/1/2023,Gujarat,4-Wheelers,592,32601
11/1/2023,Haryana,4-Wheelers,215,22002
11/1/2023,Himachal Pradesh,4-Wheelers,15,4242
11/1/2023,Jammu and Kashmir,4-Wheelers,18,4981
11/1/2023,Jharkhand,4-Wheelers,40,6684
11/1/2023,Karnataka,4-Wheelers,822,26232
11/1/2023,Kerala,4-Wheelers,641,12551
11/1/2023,Madhya Pradesh,4-Wheelers,137,17166
11/1/2023,Maharashtra,4-Wheelers,1315,48131
11/1/2023,Manipur,4-Wheelers,2,246
11/1/2023,Meghalaya,4-Wheelers,2,1387
11/1/2023,Odisha,4-Wheelers,177,7105
11/1/2023,Puducherry,4-Wheelers,11,990
11/1/2023,Punjab,4-Wheelers,128,12992
11/1/2023,Rajasthan,4-Wheelers,539,24386
11/1/2023,Tamil Nadu,4-Wheelers,599,19015
11/1/2023,Tripura,4-Wheelers,2,657
11/1/2023,Uttar Pradesh,4-Wheelers,446,42692
11/1/2023,Uttarakhand,4-Wheelers,47,5398
11/1/2023,West Bengal,4-Wheelers,290,9743
12/1/2023,Andaman & Nicobar Island,4-Wheelers,2,175
12/1/2023,Andhra Pradesh,4-Wheelers,130,7155
12/1/2023,Arunachal Pradesh,4-Wheelers,2,1137
12/1/2023,Assam,4-Wheelers,30,8111
12/1/2023,Bihar,4-Wheelers,59,4788
12/1/2023,Chandigarh,4-Wheelers,130,1496
12/1/2023,Chhattisgarh,4-Wheelers,93,3575
12/1/2023,DNH and DD,4-Wheelers,5,488
12/1/2023,Delhi,4-Wheelers,811,16567
12/1/2023,Goa,4-Wheelers,71,1859
12/1/2023,Gujarat,4-Wheelers,548,26023
12/1/2023,Haryana,4-Wheelers,218,23698
12/1/2023,Himachal Pradesh,4-Wheelers,16,5710
12/1/2023,Jammu and Kashmir,4-Wheelers,15,4531
12/1/2023,Jharkhand,4-Wheelers,27,4375
12/1/2023,Karnataka,4-Wheelers,1155,22859
12/1/2023,Kerala,4-Wheelers,736,13811
12/1/2023,Madhya Pradesh,4-Wheelers,134,9736
12/1/2023,Maharashtra,4-Wheelers,1125,32212
12/1/2023,Manipur,4-Wheelers,2,206
12/1/2023,Odisha,4-Wheelers,186,7280
12/1/2023,Puducherry,4-Wheelers,12,860
12/1/2023,Punjab,4-Wheelers,116,13632
12/1/2023,Rajasthan,4-Wheelers,348,13082
12/1/2023,Tamil Nadu,4-Wheelers,520,19246
12/1/2023,Tripura,4-Wheelers,4,489
12/1/2023,Uttar Pradesh,4-Wheelers,498,29434
12/1/2023,Uttarakhand,4-Wheelers,37,5430
12/1/2023,West Bengal,4-Wheelers,160,8435
1/1/2024,Uttar Pradesh,4-Wheelers,399,44334
1/1/2024,Maharashtra,4-Wheelers,1289,50156
1/1/2024,Karnataka,4-Wheelers,1080,30770
1/1/2024,Tamil Nadu,4-Wheelers,626,28455
1/1/2024,Bihar,4-Wheelers,58,6824
1/1/2024,Kerala,4-Wheelers,734,164
1/1/2024,Rajasthan,4-Wheelers,498,21747
1/1/2024,Delhi,4-Wheelers,1345,21520
1/1/2024,Madhya Pradesh,4-Wheelers,172,19326
1/1/2024,Gujarat,4-Wheelers,494,33379
1/1/2024,Odisha,4-Wheelers,150,7500
1/1/2024,Assam,4-Wheelers,21,7242
1/1/2024,Haryana,4-Wheelers,282,28776
1/1/2024,Chhattisgarh,4-Wheelers,91,4946
1/1/2024,West Bengal,4-Wheelers,184,10223
1/1/2024,Punjab,4-Wheelers,105,15000
1/1/2024,Andhra Pradesh,4-Wheelers,123,8483
1/1/2024,Jharkhand,4-Wheelers,29,4678
1/1/2024,Uttarakhand,4-Wheelers,49,5385
1/1/2024,Jammu and Kashmir,4-Wheelers,10,5264
1/1/2024,Goa,4-Wheelers,86,2331
1/1/2024,Chandigarh,4-Wheelers,101,1624
1/1/2024,Tripura,4-Wheelers,2,466
1/1/2024,Puducherry,4-Wheelers,10,1250
1/1/2024,Himachal Pradesh,4-Wheelers,13,4815
1/1/2024,DNH and DD,4-Wheelers,3,527
1/1/2024,Manipur,4-Wheelers,7,433
1/1/2024,Arunachal Pradesh,4-Wheelers,5,1174
2/1/2024,Uttar Pradesh,4-Wheelers,394,37170
2/1/2024,Maharashtra,4-Wheelers,1227,36302
2/1/2024,Karnataka,4-Wheelers,923,24812
2/1/2024,Tamil Nadu,4-Wheelers,595,23063
2/1/2024,Rajasthan,4-Wheelers,517,19149
2/1/2024,Bihar,4-Wheelers,71,6762
2/1/2024,Madhya Pradesh,4-Wheelers,146,18025
2/1/2024,Kerala,4-Wheelers,684,12281
2/1/2024,Gujarat,4-Wheelers,510,25758
2/1/2024,Delhi,4-Wheelers,596,17898
2/1/2024,Assam,4-Wheelers,24,6858
2/1/2024,Odisha,4-Wheelers,203,6305
2/1/2024,Chhattisgarh,4-Wheelers,99,4125
2/1/2024,Punjab,4-Wheelers,111,14051
2/1/2024,Andhra Pradesh,4-Wheelers,128,6125
2/1/2024,Haryana,4-Wheelers,312,26000
2/1/2024,West Bengal,4-Wheelers,185,8487
2/1/2024,Jharkhand,4-Wheelers,42,4667
2/1/2024,Uttarakhand,4-Wheelers,60,5826
2/1/2024,Jammu and Kashmir,4-Wheelers,24,4211
2/1/2024,Goa,4-Wheelers,99,1772
2/1/2024,Tripura,4-Wheelers,5,538
2/1/2024,Chandigarh,4-Wheelers,84,1321
2/1/2024,Puducherry,4-Wheelers,16,1177
2/1/2024,Himachal Pradesh,4-Wheelers,11,4584
2/1/2024,Manipur,4-Wheelers,7,310
2/1/2024,DNH and DD,4-Wheelers,5,444
2/1/2024,Meghalaya,4-Wheelers,4,1261
2/1/2024,Arunachal Pradesh,4-Wheelers,4,1184
3/1/2024,Maharashtra,4-Wheelers,1079,36826
3/1/2024,Uttar Pradesh,4-Wheelers,389,34425
3/1/2024,Karnataka,4-Wheelers,1482,26751
3/1/2024,Tamil Nadu,4-Wheelers,749,22095
3/1/2024,Rajasthan,4-Wheelers,493,16942
3/1/2024,Delhi,4-Wheelers,897,15905
3/1/2024,Kerala,4-Wheelers,876,13861
3/1/2024,Gujarat,4-Wheelers,661,25424
3/1/2024,Bihar,4-Wheelers,99,6972
3/1/2024,Madhya Pradesh,4-Wheelers,143,14743
3/1/2024,Andhra Pradesh,4-Wheelers,366,7838
3/1/2024,Assam,4-Wheelers,53,7465
3/1/2024,Chhattisgarh,4-Wheelers,120,4348
3/1/2024,Punjab,4-Wheelers,132,14348
3/1/2024,West Bengal,4-Wheelers,495,8089
3/1/2024,Haryana,4-Wheelers,305,23644
3/1/2024,Jharkhand,4-Wheelers,52,4483
3/1/2024,Goa,4-Wheelers,123,1730
3/1/2024,Uttarakhand,4-Wheelers,51,4812
3/1/2024,Jammu and Kashmir,4-Wheelers,18,4500
3/1/2024,Tripura,4-Wheelers,3,556
3/1/2024,Chandigarh,4-Wheelers,119,1294
3/1/2024,Puducherry,4-Wheelers,5,1042
3/1/2024,Meghalaya,4-Wheelers,3,1200
3/1/2024,Himachal Pradesh,4-Wheelers,17,4147
3/1/2024,DNH and DD,4-Wheelers,4,429
3/1/2024,Manipur,4-Wheelers,2,370
4/1/2021,Andhra Pradesh,2-Wheelers,436,63444
4/1/2021,Assam,2-Wheelers,7,30344
4/1/2021,Bihar,2-Wheelers,47,81056
4/1/2021,Chandigarh,2-Wheelers,6,1200
4/1/2021,Chhattisgarh,2-Wheelers,36,10274
4/1/2021,Delhi,2-Wheelers,272,14233
4/1/2021,Goa,2-Wheelers,36,3374
4/1/2021,Gujarat,2-Wheelers,98,49005
4/1/2021,Haryana,2-Wheelers,101,31078
4/1/2021,Himachal Pradesh,2-Wheelers,9,4360
4/1/2021,Jammu and Kashmir,2-Wheelers,22,6874
4/1/2021,Jharkhand,2-Wheelers,80,26969
4/1/2021,Karnataka,2-Wheelers,1549,59979
4/1/2021,Kerala,2-Wheelers,379,57624
4/1/2021,Madhya Pradesh,2-Wheelers,126,29491
4/1/2021,Maharashtra,2-Wheelers,428,45515
4/1/2021,Manipur,2-Wheelers,2,3048
4/1/2021,Odisha,2-Wheelers,191,36953
4/1/2021,Puducherry,2-Wheelers,18,2581
4/1/2021,Punjab,2-Wheelers,9,24348
4/1/2021,Rajasthan,2-Wheelers,325,48828
4/1/2021,Tamil Nadu,2-Wheelers,1297,107658
4/1/2021,Uttar Pradesh,2-Wheelers,171,137840
4/1/2021,Uttarakhand,2-Wheelers,34,7607
4/1/2021,West Bengal,2-Wheelers,9,65885
5/1/2021,Andhra Pradesh,2-Wheelers,201,41370
5/1/2021,Bihar,2-Wheelers,8,55276
5/1/2021,Chhattisgarh,2-Wheelers,6,5280
5/1/2021,Goa,2-Wheelers,27,379
5/1/2021,Gujarat,2-Wheelers,106,33419
5/1/2021,Haryana,2-Wheelers,17,7315
5/1/2021,Himachal Pradesh,2-Wheelers,4,1721
5/1/2021,Jammu and Kashmir,2-Wheelers,50,1916
5/1/2021,Jharkhand,2-Wheelers,39,21680
5/1/2021,Karnataka,2-Wheelers,140,4942
5/1/2021,Kerala,2-Wheelers,95,6675
5/1/2021,Maharashtra,2-Wheelers,189,16627
5/1/2021,Odisha,2-Wheelers,28,5900
5/1/2021,Puducherry,2-Wheelers,3,314
5/1/2021,Punjab,2-Wheelers,21,14366
5/1/2021,Rajasthan,2-Wheelers,33,18802
5/1/2021,Tamil Nadu,2-Wheelers,237,17837
5/1/2021,Uttar Pradesh,2-Wheelers,25,147458
5/1/2021,Uttarakhand,2-Wheelers,6,2957
5/1/2021,West Bengal,2-Wheelers,6,28906
6/1/2021,Andhra Pradesh,2-Wheelers,369,53867
6/1/2021,Assam,2-Wheelers,6,22586
6/1/2021,Bihar,2-Wheelers,67,100771
6/1/2021,Chandigarh,2-Wheelers,2,1314
6/1/2021,Chhattisgarh,2-Wheelers,138,31808
6/1/2021,DNH and DD,2-Wheelers,2,627
6/1/2021,Delhi,2-Wheelers,205,22186
6/1/2021,Goa,2-Wheelers,17,1533
6/1/2021,Gujarat,2-Wheelers,207,59121
6/1/2021,Haryana,2-Wheelers,74,31957
6/1/2021,Himachal Pradesh,2-Wheelers,25,5098
6/1/2021,Jammu and Kashmir,2-Wheelers,87,8677
6/1/2021,Jharkhand,2-Wheelers,42,33533
6/1/2021,Karnataka,2-Wheelers,560,19402
6/1/2021,Kerala,2-Wheelers,184,17828
6/1/2021,Madhya Pradesh,2-Wheelers,227,90928
6/1/2021,Maharashtra,2-Wheelers,891,75098
6/1/2021,Odisha,2-Wheelers,147,23193
6/1/2021,Puducherry,2-Wheelers,31,2559
6/1/2021,Punjab,2-Wheelers,71,23393
6/1/2021,Rajasthan,2-Wheelers,515,59809
6/1/2021,Tamil Nadu,2-Wheelers,660,45197
6/1/2021,Uttar Pradesh,2-Wheelers,92,264409
6/1/2021,Uttarakhand,2-Wheelers,37,9766
6/1/2021,West Bengal,2-Wheelers,12,67354
7/1/2021,Andhra Pradesh,2-Wheelers,811,58165
7/1/2021,Assam,2-Wheelers,22,22521
7/1/2021,Bihar,2-Wheelers,189,70562
7/1/2021,Chandigarh,2-Wheelers,11,1286
7/1/2021,Chhattisgarh,2-Wheelers,253,30642
7/1/2021,DNH and DD,2-Wheelers,3,704
7/1/2021,Delhi,2-Wheelers,818,24955
7/1/2021,Goa,2-Wheelers,64,1694
7/1/2021,Gujarat,2-Wheelers,358,68641
7/1/2021,Haryana,2-Wheelers,134,24476
7/1/2021,Himachal Pradesh,2-Wheelers,18,6543
7/1/2021,Jammu and Kashmir,2-Wheelers,203,10104
7/1/2021,Jharkhand,2-Wheelers,108,29512
7/1/2021,Karnataka,2-Wheelers,3384,84001
7/1/2021,Kerala,2-Wheelers,456,41455
7/1/2021,Madhya Pradesh,2-Wheelers,469,99094
7/1/2021,Maharashtra,2-Wheelers,2101,146083
7/1/2021,Odisha,2-Wheelers,324,38080
7/1/2021,Puducherry,2-Wheelers,38,3592
7/1/2021,Punjab,2-Wheelers,318,27261
7/1/2021,Rajasthan,2-Wheelers,1378,67308
7/1/2021,Tamil Nadu,2-Wheelers,2801,122808
7/1/2021,Uttar Pradesh,2-Wheelers,303,215180
7/1/2021,Uttarakhand,2-Wheelers,76,12268
7/1/2021,West Bengal,2-Wheelers,36,76665
8/1/2021,Andhra Pradesh,2-Wheelers,666,58473
8/1/2021,Assam,2-Wheelers,26,25097
8/1/2021,Bihar,2-Wheelers,191,54618
8/1/2021,Chandigarh,2-Wheelers,19,1380
8/1/2021,Chhattisgarh,2-Wheelers,238,27491
8/1/2021,DNH and DD,2-Wheelers,2,584
8/1/2021,Delhi,2-Wheelers,995,26069
8/1/2021,Goa,2-Wheelers,22,2316
8/1/2021,Gujarat,2-Wheelers,584,54721
8/1/2021,Haryana,2-Wheelers,441,30342
8/1/2021,Himachal Pradesh,2-Wheelers,32,5430
8/1/2021,Jammu and Kashmir,2-Wheelers,122,9978
8/1/2021,Jharkhand,2-Wheelers,137,26589
8/1/2021,Karnataka,2-Wheelers,3319,79751
8/1/2021,Kerala,2-Wheelers,598,52507
8/1/2021,Madhya Pradesh,2-Wheelers,457,67859
8/1/2021,Maharashtra,2-Wheelers,2419,119076
8/1/2021,Odisha,2-Wheelers,485,33821
8/1/2021,Puducherry,2-Wheelers,34,3496
8/1/2021,Punjab,2-Wheelers,342,27376
8/1/2021,Rajasthan,2-Wheelers,1451,57021
8/1/2021,Tamil Nadu,2-Wheelers,2745,109440
8/1/2021,Uttar Pradesh,2-Wheelers,531,146734
8/1/2021,Uttarakhand,2-Wheelers,114,11192
8/1/2021,West Bengal,2-Wheelers,80,63613
9/1/2021,Andhra Pradesh,2-Wheelers,766,51764
9/1/2021,Assam,2-Wheelers,38,24438
9/1/2021,Bihar,2-Wheelers,475,48021
9/1/2021,Chandigarh,2-Wheelers,25,1162
9/1/2021,Chhattisgarh,2-Wheelers,244,24790
9/1/2021,Delhi,2-Wheelers,809,17347
9/1/2021,Goa,2-Wheelers,87,3081
9/1/2021,Gujarat,2-Wheelers,959,71820
9/1/2021,Haryana,2-Wheelers,691,32590
9/1/2021,Himachal Pradesh,2-Wheelers,33,4975
9/1/2021,Jammu and Kashmir,2-Wheelers,157,7354
9/1/2021,Jharkhand,2-Wheelers,149,24528
9/1/2021,Karnataka,2-Wheelers,3539,80292
9/1/2021,Kerala,2-Wheelers,789,48245
9/1/2021,Madhya Pradesh,2-Wheelers,590,65166
9/1/2021,Maharashtra,2-Wheelers,2166,92351
9/1/2021,Odisha,2-Wheelers,490,28355
9/1/2021,Puducherry,2-Wheelers,48,3211
9/1/2021,Punjab,2-Wheelers,487,24819
9/1/2021,Rajasthan,2-Wheelers,1625,48502
9/1/2021,Tamil Nadu,2-Wheelers,2880,108477
9/1/2021,Uttar Pradesh,2-Wheelers,730,132962
9/1/2021,Uttarakhand,2-Wheelers,169,9926
9/1/2021,West Bengal,2-Wheelers,84,65430
10/1/2021,Andhra Pradesh,2-Wheelers,993,88110
10/1/2021,Assam,2-Wheelers,28,32155
10/1/2021,Bihar,2-Wheelers,470,50679
10/1/2021,Chandigarh,2-Wheelers,18,1792
10/1/2021,Chhattisgarh,2-Wheelers,301,33464
10/1/2021,Delhi,2-Wheelers,995,26087
10/1/2021,Goa,2-Wheelers,163,3914
10/1/2021,Gujarat,2-Wheelers,1460,84700
10/1/2021,Haryana,2-Wheelers,505,26891
10/1/2021,Himachal Pradesh,2-Wheelers,29,4651
10/1/2021,Jammu and Kashmir,2-Wheelers,199,8601
10/1/2021,Jharkhand,2-Wheelers,253,28877
10/1/2021,Karnataka,2-Wheelers,3709,76401
10/1/2021,Kerala,2-Wheelers,833,42377
10/1/2021,Ladakh,2-Wheelers,6,18
10/1/2021,Madhya Pradesh,2-Wheelers,545,52075
10/1/2021,Maharashtra,2-Wheelers,3554,131332
10/1/2021,Manipur,2-Wheelers,6,2098
10/1/2021,Odisha,2-Wheelers,948,52708
10/1/2021,Puducherry,2-Wheelers,31,2839
10/1/2021,Punjab,2-Wheelers,416,29940
10/1/2021,Rajasthan,2-Wheelers,1602,65626
10/1/2021,Tamil Nadu,2-Wheelers,2530,85674
10/1/2021,Uttar Pradesh,2-Wheelers,1022,129924
10/1/2021,Uttarakhand,2-Wheelers,129,12826
10/1/2021,West Bengal,2-Wheelers,67,53475
11/1/2021,Andhra Pradesh,2-Wheelers,1114,64835
11/1/2021,Assam,2-Wheelers,120,29586
11/1/2021,Bihar,2-Wheelers,604,107209
11/1/2021,Chandigarh,2-Wheelers,79,2083
11/1/2021,Chhattisgarh,2-Wheelers,509,63099
11/1/2021,Delhi,2-Wheelers,1269,37710
11/1/2021,Goa,2-Wheelers,178,4104
11/1/2021,Gujarat,2-Wheelers,1569,110759
11/1/2021,Haryana,2-Wheelers,871,43957
11/1/2021,Himachal Pradesh,2-Wheelers,61,7398
11/1/2021,Jammu and Kashmir,2-Wheelers,64,8083
11/1/2021,Jharkhand,2-Wheelers,370,51355
11/1/2021,Karnataka,2-Wheelers,3430,74444
11/1/2021,Kerala,2-Wheelers,948,43718
11/1/2021,Madhya Pradesh,2-Wheelers,940,99568
11/1/2021,Maharashtra,2-Wheelers,3684,168326
11/1/2021,Manipur,2-Wheelers,3,2490
11/1/2021,Odisha,2-Wheelers,843,41128
11/1/2021,Puducherry,2-Wheelers,47,2889
11/1/2021,Punjab,2-Wheelers,803,46549
11/1/2021,Rajasthan,2-Wheelers,2265,141368
11/1/2021,Tamil Nadu,2-Wheelers,2844,111203
11/1/2021,Uttar Pradesh,2-Wheelers,1347,225370
11/1/2021,Uttarakhand,2-Wheelers,262,20977
11/1/2021,West Bengal,2-Wheelers,309,79819
12/1/2021,Andhra Pradesh,2-Wheelers,985,42446
12/1/2021,Assam,2-Wheelers,93,28392
12/1/2021,Bihar,2-Wheelers,467,63454
12/1/2021,Chandigarh,2-Wheelers,30,1252
12/1/2021,Chhattisgarh,2-Wheelers,500,24772
12/1/2021,DNH and DD,2-Wheelers,4,1100
12/1/2021,Delhi,2-Wheelers,1258,18687
12/1/2021,Goa,2-Wheelers,153,3468
12/1/2021,Gujarat,2-Wheelers,2111,92992
12/1/2021,Haryana,2-Wheelers,670,40694
12/1/2021,Himachal Pradesh,2-Wheelers,73,6044
12/1/2021,Jammu and Kashmir,2-Wheelers,110,4076
12/1/2021,Jharkhand,2-Wheelers,293,26077
12/1/2021,Karnataka,2-Wheelers,4381,83147
12/1/2021,Kerala,2-Wheelers,1107,43996
12/1/2021,Madhya Pradesh,2-Wheelers,901,110877
12/1/2021,Maharashtra,2-Wheelers,4775,134502
12/1/2021,Manipur,2-Wheelers,4,3649
12/1/2021,Odisha,2-Wheelers,939,26693
12/1/2021,Puducherry,2-Wheelers,81,2589
12/1/2021,Punjab,2-Wheelers,450,35287
12/1/2021,Rajasthan,2-Wheelers,2119,61061
12/1/2021,Tamil Nadu,2-Wheelers,3236,83485
12/1/2021,Uttar Pradesh,2-Wheelers,1371,268713
12/1/2021,Uttarakhand,2-Wheelers,229,12632
12/1/2021,West Bengal,2-Wheelers,285,73989
1/1/2022,Andhra Pradesh,2-Wheelers,1671,59712
1/1/2022,Assam,2-Wheelers,92,26097
1/1/2022,Bihar,2-Wheelers,409,51380
1/1/2022,Chandigarh,2-Wheelers,19,1291
1/1/2022,Chhattisgarh,2-Wheelers,595,31989
1/1/2022,DNH and DD,2-Wheelers,6,758
1/1/2022,Delhi,2-Wheelers,1762,24615
1/1/2022,Goa,2-Wheelers,194,3015
1/1/2022,Gujarat,2-Wheelers,2191,58107
1/1/2022,Haryana,2-Wheelers,597,28339
1/1/2022,Himachal Pradesh,2-Wheelers,22,3490
1/1/2022,Jammu and Kashmir,2-Wheelers,76,3561
1/1/2022,Jharkhand,2-Wheelers,240,24613
1/1/2022,Karnataka,2-Wheelers,4386,74134
1/1/2022,Kerala,2-Wheelers,1399,45699
1/1/2022,Ladakh,2-Wheelers,6,20
1/1/2022,Madhya Pradesh,2-Wheelers,862,75043
1/1/2022,Maharashtra,2-Wheelers,5138,136937
1/1/2022,Manipur,2-Wheelers,5,3660
1/1/2022,Odisha,2-Wheelers,1333,45749
1/1/2022,Puducherry,2-Wheelers,94,4044
1/1/2022,Punjab,2-Wheelers,552,28295
1/1/2022,Rajasthan,2-Wheelers,2359,50153
1/1/2022,Tamil Nadu,2-Wheelers,4233,124399
1/1/2022,Tripura,2-Wheelers,5,3043
1/1/2022,Uttar Pradesh,2-Wheelers,1322,168934
1/1/2022,Uttarakhand,2-Wheelers,184,10413
1/1/2022,West Bengal,2-Wheelers,370,61071
2/1/2022,Andhra Pradesh,2-Wheelers,2284,52013
2/1/2022,Assam,2-Wheelers,108,25414
2/1/2022,Bihar,2-Wheelers,495,59758
2/1/2022,Chandigarh,2-Wheelers,22,1184
2/1/2022,Chhattisgarh,2-Wheelers,635,28508
2/1/2022,DNH and DD,2-Wheelers,4,817
2/1/2022,Delhi,2-Wheelers,2384,25413
2/1/2022,Goa,2-Wheelers,267,3248
2/1/2022,Gujarat,2-Wheelers,2613,68658
2/1/2022,Haryana,2-Wheelers,677,25667
2/1/2022,Himachal Pradesh,2-Wheelers,57,4041
2/1/2022,Jammu and Kashmir,2-Wheelers,101,4836
2/1/2022,Jharkhand,2-Wheelers,338,27174
2/1/2022,Karnataka,2-Wheelers,5593,75612
2/1/2022,Kerala,2-Wheelers,1737,41273
2/1/2022,Madhya Pradesh,2-Wheelers,974,69322
2/1/2022,Maharashtra,2-Wheelers,6871,116043
2/1/2022,Manipur,2-Wheelers,3,4773
2/1/2022,Odisha,2-Wheelers,1266,41856
2/1/2022,Puducherry,2-Wheelers,117,3410
2/1/2022,Punjab,2-Wheelers,296,24506
2/1/2022,Rajasthan,2-Wheelers,2563,56168
2/1/2022,Tamil Nadu,2-Wheelers,4506,108851
2/1/2022,Tripura,2-Wheelers,3,2705
2/1/2022,Uttar Pradesh,2-Wheelers,1202,163699
2/1/2022,Uttarakhand,2-Wheelers,223,9283
2/1/2022,West Bengal,2-Wheelers,383,56937
3/1/2022,Andhra Pradesh,2-Wheelers,3169,51588
3/1/2022,Assam,2-Wheelers,179,29698
3/1/2022,Bihar,2-Wheelers,1328,85165
3/1/2022,Chandigarh,2-Wheelers,55,1883
3/1/2022,Chhattisgarh,2-Wheelers,959,31244
3/1/2022,DNH and DD,2-Wheelers,5,757
3/1/2022,Delhi,2-Wheelers,3491,28871
3/1/2022,Goa,2-Wheelers,235,4381
3/1/2022,Gujarat,2-Wheelers,4507,79333
3/1/2022,Haryana,2-Wheelers,1025,30295
3/1/2022,Himachal Pradesh,2-Wheelers,61,3565
3/1/2022,Jammu and Kashmir,2-Wheelers,227,5680
3/1/2022,Jharkhand,2-Wheelers,607,38435
3/1/2022,Karnataka,2-Wheelers,7288,91537
3/1/2022,Kerala,2-Wheelers,2880,50610
3/1/2022,Madhya Pradesh,2-Wheelers,1580,76256
3/1/2022,Maharashtra,2-Wheelers,9687,130070
3/1/2022,Manipur,2-Wheelers,2,3508
3/1/2022,Odisha,2-Wheelers,2363,47801
3/1/2022,Puducherry,2-Wheelers,181,3913
3/1/2022,Punjab,2-Wheelers,716,31497
3/1/2022,Rajasthan,2-Wheelers,3080,60106
3/1/2022,Tamil Nadu,2-Wheelers,7708,124272
3/1/2022,Tripura,2-Wheelers,18,3504
3/1/2022,Uttar Pradesh,2-Wheelers,1986,180927
3/1/2022,Uttarakhand,2-Wheelers,435,11692
3/1/2022,West Bengal,2-Wheelers,626,73783
4/1/2022,Andhra Pradesh,2-Wheelers,2745,56529
4/1/2022,Assam,2-Wheelers,168,26813
4/1/2022,Bihar,2-Wheelers,475,82418
4/1/2022,Chandigarh,2-Wheelers,63,1881
4/1/2022,Chhattisgarh,2-Wheelers,1397,30843
4/1/2022,DNH and DD,2-Wheelers,4,804
4/1/2022,Delhi,2-Wheelers,2832,32226
4/1/2022,Goa,2-Wheelers,377,3817
4/1/2022,Gujarat,2-Wheelers,6695,88648
4/1/2022,Haryana,2-Wheelers,1215,30558
4/1/2022,Himachal Pradesh,2-Wheelers,97,4637
4/1/2022,Jammu and Kashmir,2-Wheelers,125,8306
4/1/2022,Jharkhand,2-Wheelers,450,35590
4/1/2022,Karnataka,2-Wheelers,8814,100400
4/1/2022,Kerala,2-Wheelers,2908,41859
4/1/2022,Madhya Pradesh,2-Wheelers,1337,75144
4/1/2022,Maharashtra,2-Wheelers,7375,135969
4/1/2022,Meghalaya,2-Wheelers,5,1472
4/1/2022,Nagaland,2-Wheelers,2,444
4/1/2022,Odisha,2-Wheelers,2261,44330
4/1/2022,Puducherry,2-Wheelers,82,3044
4/1/2022,Punjab,2-Wheelers,817,29934
4/1/2022,Rajasthan,2-Wheelers,3771,70039
4/1/2022,Tamil Nadu,2-Wheelers,5425,106643
4/1/2022,Tripura,2-Wheelers,20,2797
4/1/2022,Uttar Pradesh,2-Wheelers,2397,225079
4/1/2022,Uttarakhand,2-Wheelers,602,12989
4/1/2022,West Bengal,2-Wheelers,815,68909
5/1/2022,Andhra Pradesh,2-Wheelers,1615,48041
5/1/2022,Assam,2-Wheelers,112,28739
5/1/2022,Bihar,2-Wheelers,458,113034
5/1/2022,Chandigarh,2-Wheelers,44,1797
5/1/2022,Chhattisgarh,2-Wheelers,834,28821
5/1/2022,DNH and DD,2-Wheelers,6,790
5/1/2022,Delhi,2-Wheelers,1760,28897
5/1/2022,Goa,2-Wheelers,453,3338
5/1/2022,Gujarat,2-Wheelers,4408,68621
5/1/2022,Haryana,2-Wheelers,1178,32009
5/1/2022,Himachal Pradesh,2-Wheelers,73,5131
5/1/2022,Jammu and Kashmir,2-Wheelers,124,9505
5/1/2022,Jharkhand,2-Wheelers,431,39317
5/1/2022,Karnataka,2-Wheelers,5947,84301
5/1/2022,Kerala,2-Wheelers,2373,40514
5/1/2022,Madhya Pradesh,2-Wheelers,1310,94602
5/1/2022,Maharashtra,2-Wheelers,8914,123203
5/1/2022,Manipur,2-Wheelers,2,2443
5/1/2022,Odisha,2-Wheelers,1714,38324
5/1/2022,Puducherry,2-Wheelers,65,3122
5/1/2022,Punjab,2-Wheelers,493,30377
5/1/2022,Rajasthan,2-Wheelers,3701,73803
5/1/2022,Tamil Nadu,2-Wheelers,3628,102565
5/1/2022,Tripura,2-Wheelers,14,2768
5/1/2022,Uttar Pradesh,2-Wheelers,1695,273962
5/1/2022,Uttarakhand,2-Wheelers,377,12930
5/1/2022,West Bengal,2-Wheelers,683,68721
6/1/2022,Andhra Pradesh,2-Wheelers,1733,37538
6/1/2022,Assam,2-Wheelers,101,21695
6/1/2022,Bihar,2-Wheelers,716,79768
6/1/2022,Chandigarh,2-Wheelers,63,1808
6/1/2022,Chhattisgarh,2-Wheelers,1038,28027
6/1/2022,Delhi,2-Wheelers,2755,27696
6/1/2022,Goa,2-Wheelers,365,3042
6/1/2022,Gujarat,2-Wheelers,5322,83549
6/1/2022,Haryana,2-Wheelers,966,30435
6/1/2022,Himachal Pradesh,2-Wheelers,104,5610
6/1/2022,Jammu and Kashmir,2-Wheelers,159,8064
6/1/2022,Jharkhand,2-Wheelers,461,32650
6/1/2022,Karnataka,2-Wheelers,6800,91707
6/1/2022,Kerala,2-Wheelers,2568,44015
6/1/2022,Ladakh,2-Wheelers,14,590
6/1/2022,Madhya Pradesh,2-Wheelers,1434,83413
6/1/2022,Maharashtra,2-Wheelers,7880,115725
6/1/2022,Manipur,2-Wheelers,13,3391
6/1/2022,Meghalaya,2-Wheelers,2,1291
6/1/2022,Mizoram,2-Wheelers,2,1750
6/1/2022,Odisha,2-Wheelers,1693,39143
6/1/2022,Puducherry,2-Wheelers,85,3331
6/1/2022,Punjab,2-Wheelers,514,28256
6/1/2022,Rajasthan,2-Wheelers,3427,58281
6/1/2022,Tamil Nadu,2-Wheelers,3749,110740
6/1/2022,Tripura,2-Wheelers,21,2761
6/1/2022,Uttar Pradesh,2-Wheelers,1361,198411
6/1/2022,Uttarakhand,2-Wheelers,374,13121
6/1/2022,West Bengal,2-Wheelers,660,67878
7/1/2022,Andhra Pradesh,2-Wheelers,1921,42632
7/1/2022,Assam,2-Wheelers,120,26803
7/1/2022,Bihar,2-Wheelers,638,62773
7/1/2022,Chandigarh,2-Wheelers,58,2086
7/1/2022,Chhattisgarh,2-Wheelers,1309,26466
7/1/2022,DNH and DD,2-Wheelers,9,735
7/1/2022,Delhi,2-Wheelers,2658,30654
7/1/2022,Goa,2-Wheelers,579,2801
7/1/2022,Gujarat,2-Wheelers,5592,83341
7/1/2022,Haryana,2-Wheelers,710,30657
7/1/2022,Himachal Pradesh,2-Wheelers,92,5377
7/1/2022,Jammu and Kashmir,2-Wheelers,316,8717
7/1/2022,Jharkhand,2-Wheelers,589,32122
7/1/2022,Karnataka,2-Wheelers,5689,77333
7/1/2022,Kerala,2-Wheelers,1964,37691
7/1/2022,Madhya Pradesh,2-Wheelers,1722,81579
7/1/2022,Maharashtra,2-Wheelers,8446,111895
7/1/2022,Manipur,2-Wheelers,21,4103
7/1/2022,Meghalaya,2-Wheelers,3,1363
7/1/2022,Odisha,2-Wheelers,1816,32549
7/1/2022,Puducherry,2-Wheelers,71,3298
7/1/2022,Punjab,2-Wheelers,603,27082
7/1/2022,Rajasthan,2-Wheelers,4574,63752
7/1/2022,Tamil Nadu,2-Wheelers,4180,103800
7/1/2022,Tripura,2-Wheelers,2,2632
7/1/2022,Uttar Pradesh,2-Wheelers,1828,153826
7/1/2022,Uttarakhand,2-Wheelers,404,12603
7/1/2022,West Bengal,2-Wheelers,689,62610
8/1/2022,Andhra Pradesh,2-Wheelers,1898,54365
8/1/2022,Assam,2-Wheelers,202,27466
8/1/2022,Bihar,2-Wheelers,849,64565
8/1/2022,Chandigarh,2-Wheelers,59,1896
8/1/2022,Chhattisgarh,2-Wheelers,1360,23146
8/1/2022,DNH and DD,2-Wheelers,6,742
8/1/2022,Delhi,2-Wheelers,3259,31869
8/1/2022,Goa,2-Wheelers,303,4503
8/1/2022,Gujarat,2-Wheelers,5059,74982
8/1/2022,Haryana,2-Wheelers,915,33336
8/1/2022,Himachal Pradesh,2-Wheelers,59,5281
8/1/2022,Jammu and Kashmir,2-Wheelers,182,9131
8/1/2022,Jharkhand,2-Wheelers,561,25332
8/1/2022,Karnataka,2-Wheelers,7476,88611
8/1/2022,Kerala,2-Wheelers,3069,50954
8/1/2022,Madhya Pradesh,2-Wheelers,1931,98165
8/1/2022,Maharashtra,2-Wheelers,9723,118886
8/1/2022,Manipur,2-Wheelers,8,3647
8/1/2022,Meghalaya,2-Wheelers,2,1734
8/1/2022,Mizoram,2-Wheelers,6,2062
8/1/2022,Odisha,2-Wheelers,2007,30540
8/1/2022,Puducherry,2-Wheelers,91,3810
8/1/2022,Punjab,2-Wheelers,645,32591
8/1/2022,Rajasthan,2-Wheelers,4159,60191
8/1/2022,Tamil Nadu,2-Wheelers,5306,120312
8/1/2022,Tripura,2-Wheelers,14,2643
8/1/2022,Uttar Pradesh,2-Wheelers,1920,131703
8/1/2022,Uttarakhand,2-Wheelers,494,12711
8/1/2022,West Bengal,2-Wheelers,663,62200
9/1/2022,Andhra Pradesh,2-Wheelers,2239,52804
9/1/2022,Assam,2-Wheelers,200,31729
9/1/2022,Bihar,2-Wheelers,951,54364
9/1/2022,Chandigarh,2-Wheelers,70,1929
9/1/2022,Chhattisgarh,2-Wheelers,1190,23465
9/1/2022,DNH and DD,2-Wheelers,8,629
9/1/2022,Delhi,2-Wheelers,2301,25409
9/1/2022,Goa,2-Wheelers,400,4078
9/1/2022,Gujarat,2-Wheelers,5333,77920
9/1/2022,Haryana,2-Wheelers,848,25832
9/1/2022,Himachal Pradesh,2-Wheelers,67,4101
9/1/2022,Jammu and Kashmir,2-Wheelers,220,8320
9/1/2022,Jharkhand,2-Wheelers,498,23758
9/1/2022,Karnataka,2-Wheelers,7616,87981
9/1/2022,Kerala,2-Wheelers,3100,53877
9/1/2022,Madhya Pradesh,2-Wheelers,1898,53245
9/1/2022,Maharashtra,2-Wheelers,10730,122642
9/1/2022,Mizoram,2-Wheelers,4,1568
9/1/2022,Odisha,2-Wheelers,2197,36139
9/1/2022,Puducherry,2-Wheelers,114,3772
9/1/2022,Punjab,2-Wheelers,590,27407
9/1/2022,Rajasthan,2-Wheelers,4677,53951
9/1/2022,Tamil Nadu,2-Wheelers,5112,121791
9/1/2022,Tripura,2-Wheelers,17,3842
9/1/2022,Uttar Pradesh,2-Wheelers,1787,97293
9/1/2022,Uttarakhand,2-Wheelers,386,9325
9/1/2022,West Bengal,2-Wheelers,727,64255
10/1/2022,Andhra Pradesh,2-Wheelers,2568,74374
10/1/2022,Assam,2-Wheelers,194,38033
10/1/2022,Bihar,2-Wheelers,1377,88895
10/1/2022,Chandigarh,2-Wheelers,118,3103
10/1/2022,Chhattisgarh,2-Wheelers,2471,57951
10/1/2022,DNH and DD,2-Wheelers,5,619
10/1/2022,Delhi,2-Wheelers,3699,50702
10/1/2022,Goa,2-Wheelers,704,6241
10/1/2022,Gujarat,2-Wheelers,6635,115540
10/1/2022,Haryana,2-Wheelers,1313,38921
10/1/2022,Himachal Pradesh,2-Wheelers,79,5548
10/1/2022,Jammu and Kashmir,2-Wheelers,258,9184
10/1/2022,Jharkhand,2-Wheelers,949,50073
10/1/2022,Karnataka,2-Wheelers,9706,117015
10/1/2022,Kerala,2-Wheelers,3629,44021
10/1/2022,Madhya Pradesh,2-Wheelers,3616,137210
10/1/2022,Maharashtra,2-Wheelers,15999,189870
10/1/2022,Manipur,2-Wheelers,4,2532
10/1/2022,Meghalaya,2-Wheelers,5,1558
10/1/2022,Mizoram,2-Wheelers,3,1638
10/1/2022,Odisha,2-Wheelers,3695,72161
10/1/2022,Puducherry,2-Wheelers,180,3564
10/1/2022,Punjab,2-Wheelers,707,37265
10/1/2022,Rajasthan,2-Wheelers,9455,133585
10/1/2022,Tamil Nadu,2-Wheelers,5530,111507
10/1/2022,Tripura,2-Wheelers,13,3431
10/1/2022,Uttar Pradesh,2-Wheelers,3003,258110
10/1/2022,Uttarakhand,2-Wheelers,797,19532
10/1/2022,West Bengal,2-Wheelers,538,50676
11/1/2022,Andaman & Nicobar Island,2-Wheelers,6,405
11/1/2022,Andhra Pradesh,2-Wheelers,2742,69695
11/1/2022,Assam,2-Wheelers,176,32542
11/1/2022,Bihar,2-Wheelers,1253,110759
11/1/2022,Chandigarh,2-Wheelers,163,1727
11/1/2022,Chhattisgarh,2-Wheelers,2725,42575
11/1/2022,DNH and DD,2-Wheelers,14,1290
11/1/2022,Delhi,2-Wheelers,3869,41689
11/1/2022,Goa,2-Wheelers,587,5285
11/1/2022,Gujarat,2-Wheelers,8322,165828
11/1/2022,Haryana,2-Wheelers,1369,58469
11/1/2022,Himachal Pradesh,2-Wheelers,134,9181
11/1/2022,Jammu and Kashmir,2-Wheelers,194,4656
11/1/2022,Jharkhand,2-Wheelers,953,40248
11/1/2022,Karnataka,2-Wheelers,9851,109695
11/1/2022,Kerala,2-Wheelers,3698,40561
11/1/2022,Madhya Pradesh,2-Wheelers,3426,130285
11/1/2022,Maharashtra,2-Wheelers,13718,204988
11/1/2022,Manipur,2-Wheelers,2,5529
11/1/2022,Meghalaya,2-Wheelers,3,1438
11/1/2022,Mizoram,2-Wheelers,8,1542
11/1/2022,Odisha,2-Wheelers,2997,38593
11/1/2022,Puducherry,2-Wheelers,153,3002
11/1/2022,Punjab,2-Wheelers,1042,46873
11/1/2022,Rajasthan,2-Wheelers,7306,158463
11/1/2022,Tamil Nadu,2-Wheelers,7258,120109
11/1/2022,Tripura,2-Wheelers,12,3427
11/1/2022,Uttar Pradesh,2-Wheelers,2746,279169
11/1/2022,Uttarakhand,2-Wheelers,839,25037
11/1/2022,West Bengal,2-Wheelers,1209,100516
12/1/2022,Andaman & Nicobar Island,2-Wheelers,10,397
12/1/2022,Andhra Pradesh,2-Wheelers,2718,47327
12/1/2022,Assam,2-Wheelers,250,34737
12/1/2022,Bihar,2-Wheelers,987,60432
12/1/2022,Chandigarh,2-Wheelers,123,1454
12/1/2022,Chhattisgarh,2-Wheelers,1883,26359
12/1/2022,DNH and DD,2-Wheelers,19,1112
12/1/2022,Delhi,2-Wheelers,3826,21773
12/1/2022,Goa,2-Wheelers,528,4983
12/1/2022,Gujarat,2-Wheelers,7906,107138
12/1/2022,Haryana,2-Wheelers,885,37571
12/1/2022,Himachal Pradesh,2-Wheelers,100,6751
12/1/2022,Jammu and Kashmir,2-Wheelers,150,3943
12/1/2022,Jharkhand,2-Wheelers,653,27130
12/1/2022,Karnataka,2-Wheelers,7750,75110
12/1/2022,Kerala,2-Wheelers,4112,40445
12/1/2022,Madhya Pradesh,2-Wheelers,2328,64980
12/1/2022,Maharashtra,2-Wheelers,13076,136534
12/1/2022,Manipur,2-Wheelers,63,4150
12/1/2022,Mizoram,2-Wheelers,11,1792
12/1/2022,Odisha,2-Wheelers,2379,38217
12/1/2022,Puducherry,2-Wheelers,177,2396
12/1/2022,Punjab,2-Wheelers,635,35992
12/1/2022,Rajasthan,2-Wheelers,5060,57108
12/1/2022,Tamil Nadu,2-Wheelers,4991,77848
12/1/2022,Tripura,2-Wheelers,57,3393
12/1/2022,Uttar Pradesh,2-Wheelers,2334,134747
12/1/2022,Uttarakhand,2-Wheelers,581,10627
12/1/2022,West Bengal,2-Wheelers,1047,69018
1/1/2023,Andhra Pradesh,2-Wheelers,2680,49537
1/1/2023,Assam,2-Wheelers,142,41897
1/1/2023,Bihar,2-Wheelers,987,63994
1/1/2023,Chandigarh,2-Wheelers,172,1977
1/1/2023,Chhattisgarh,2-Wheelers,1923,35000
1/1/2023,DNH and DD,2-Wheelers,9,698
1/1/2023,Delhi,2-Wheelers,3285,35973
1/1/2023,Goa,2-Wheelers,662,4457
1/1/2023,Gujarat,2-Wheelers,5873,70897
1/1/2023,Haryana,2-Wheelers,706,29990
1/1/2023,Himachal Pradesh,2-Wheelers,78,4421
1/1/2023,Jammu and Kashmir,2-Wheelers,115,3934
1/1/2023,Jharkhand,2-Wheelers,655,27267
1/1/2023,Karnataka,2-Wheelers,9969,94898
1/1/2023,Kerala,2-Wheelers,4667,43110
1/1/2023,Madhya Pradesh,2-Wheelers,2443,80312
1/1/2023,Maharashtra,2-Wheelers,13802,148279
1/1/2023,Manipur,2-Wheelers,7,3158
1/1/2023,Meghalaya,2-Wheelers,4,1372
1/1/2023,Mizoram,2-Wheelers,10,1599
1/1/2023,Odisha,2-Wheelers,2533,47973
1/1/2023,Puducherry,2-Wheelers,197,4395
1/1/2023,Punjab,2-Wheelers,590,33117
1/1/2023,Rajasthan,2-Wheelers,4624,62966
1/1/2023,Tamil Nadu,2-Wheelers,5505,135769
1/1/2023,Tripura,2-Wheelers,8,2766
1/1/2023,Uttar Pradesh,2-Wheelers,1952,171721
1/1/2023,Uttarakhand,2-Wheelers,447,12862
1/1/2023,West Bengal,2-Wheelers,632,52431
2/1/2023,Andhra Pradesh,2-Wheelers,2907,51810
2/1/2023,Assam,2-Wheelers,190,36795
2/1/2023,Bihar,2-Wheelers,911,77926
2/1/2023,Chandigarh,2-Wheelers,216,955
2/1/2023,Chhattisgarh,2-Wheelers,1874,30804
2/1/2023,DNH and DD,2-Wheelers,16,777
2/1/2023,Delhi,2-Wheelers,2800,29396
2/1/2023,Goa,2-Wheelers,628,3919
2/1/2023,Gujarat,2-Wheelers,6757,85424
2/1/2023,Haryana,2-Wheelers,702,31279
2/1/2023,Himachal Pradesh,2-Wheelers,65,4784
2/1/2023,Jammu and Kashmir,2-Wheelers,147,4868
2/1/2023,Jharkhand,2-Wheelers,652,31633
2/1/2023,Karnataka,2-Wheelers,10266,88323
2/1/2023,Kerala,2-Wheelers,5558,39985
2/1/2023,Madhya Pradesh,2-Wheelers,2358,75150
2/1/2023,Maharashtra,2-Wheelers,12070,129508
2/1/2023,Manipur,2-Wheelers,14,2990
2/1/2023,Meghalaya,2-Wheelers,2,1192
2/1/2023,Mizoram,2-Wheelers,9,1655
2/1/2023,Odisha,2-Wheelers,2552,49375
2/1/2023,Puducherry,2-Wheelers,177,3354
2/1/2023,Punjab,2-Wheelers,609,34555
2/1/2023,Rajasthan,2-Wheelers,4662,62207
2/1/2023,Tamil Nadu,2-Wheelers,6701,118355
2/1/2023,Tripura,2-Wheelers,20,2860
2/1/2023,Uttar Pradesh,2-Wheelers,1968,190812
2/1/2023,Uttarakhand,2-Wheelers,426,11079
2/1/2023,West Bengal,2-Wheelers,814,67188
3/1/2023,Andhra Pradesh,2-Wheelers,3515,54298
3/1/2023,Assam,2-Wheelers,221,41575
3/1/2023,Bihar,2-Wheelers,1302,92334
3/1/2023,Chandigarh,2-Wheelers,362,663
3/1/2023,Chhattisgarh,2-Wheelers,2188,33362
3/1/2023,DNH and DD,2-Wheelers,5,902
3/1/2023,Delhi,2-Wheelers,3782,30396
3/1/2023,Goa,2-Wheelers,837,5064
3/1/2023,Gujarat,2-Wheelers,7790,92417
3/1/2023,Haryana,2-Wheelers,714,33171
3/1/2023,Himachal Pradesh,2-Wheelers,91,4543
3/1/2023,Jammu and Kashmir,2-Wheelers,198,7789
3/1/2023,Jharkhand,2-Wheelers,797,39001
3/1/2023,Karnataka,2-Wheelers,13056,104953
3/1/2023,Kerala,2-Wheelers,6773,50705
3/1/2023,Madhya Pradesh,2-Wheelers,3213,100653
3/1/2023,Maharashtra,2-Wheelers,17077,154632
3/1/2023,Manipur,2-Wheelers,3,3985
3/1/2023,Mizoram,2-Wheelers,10,1615
3/1/2023,Odisha,2-Wheelers,3269,52642
3/1/2023,Puducherry,2-Wheelers,261,3608
3/1/2023,Punjab,2-Wheelers,805,36806
3/1/2023,Rajasthan,2-Wheelers,6375,85324
3/1/2023,Tamil Nadu,2-Wheelers,8388,119376
3/1/2023,Tripura,2-Wheelers,23,3016
3/1/2023,Uttar Pradesh,2-Wheelers,3559,206315
3/1/2023,Uttarakhand,2-Wheelers,587,13077
3/1/2023,West Bengal,2-Wheelers,1103,73690
4/1/2023,Andhra Pradesh,2-Wheelers,3515,48046
4/1/2023,Assam,2-Wheelers,178,35047
4/1/2023,Bihar,2-Wheelers,971,84319
4/1/2023,Chandigarh,2-Wheelers,126,2085
4/1/2023,Chhattisgarh,2-Wheelers,1559,27613
4/1/2023,DNH and DD,2-Wheelers,5,666
4/1/2023,Delhi,2-Wheelers,2738,28590
4/1/2023,Goa,2-Wheelers,698,3609
4/1/2023,Gujarat,2-Wheelers,8266,89782
4/1/2023,Haryana,2-Wheelers,802,34168
4/1/2023,Himachal Pradesh,2-Wheelers,96,4847
4/1/2023,Jammu and Kashmir,2-Wheelers,212,6299
4/1/2023,Jharkhand,2-Wheelers,682,36353
4/1/2023,Karnataka,2-Wheelers,9711,91491
4/1/2023,Kerala,2-Wheelers,4659,32903
4/1/2023,Madhya Pradesh,2-Wheelers,1958,64877
4/1/2023,Maharashtra,2-Wheelers,12260,130977
4/1/2023,Manipur,2-Wheelers,15,3425
4/1/2023,Meghalaya,2-Wheelers,3,1501
4/1/2023,Mizoram,2-Wheelers,8,1565
4/1/2023,Odisha,2-Wheelers,2848,43956
4/1/2023,Puducherry,2-Wheelers,157,3076
4/1/2023,Punjab,2-Wheelers,376,28269
4/1/2023,Rajasthan,2-Wheelers,3914,67999
4/1/2023,Tamil Nadu,2-Wheelers,6509,94801
4/1/2023,Tripura,2-Wheelers,19,2450
4/1/2023,Uttar Pradesh,2-Wheelers,3087,195568
4/1/2023,Uttarakhand,2-Wheelers,524,12580
4/1/2023,West Bengal,2-Wheelers,918,54194
5/1/2023,Andhra Pradesh,2-Wheelers,4370,54545
5/1/2023,Assam,2-Wheelers,282,35939
5/1/2023,Bihar,2-Wheelers,1536,125465
5/1/2023,Chandigarh,2-Wheelers,209,2356
5/1/2023,Chhattisgarh,2-Wheelers,2514,29232
5/1/2023,DNH and DD,2-Wheelers,4,829
5/1/2023,Delhi,2-Wheelers,4977,32282
5/1/2023,Goa,2-Wheelers,863,3933
5/1/2023,Gujarat,2-Wheelers,9609,87169
5/1/2023,Haryana,2-Wheelers,1053,34399
5/1/2023,Himachal Pradesh,2-Wheelers,118,5278
5/1/2023,Jammu and Kashmir,2-Wheelers,258,9084
5/1/2023,Jharkhand,2-Wheelers,839,41796
5/1/2023,Karnataka,2-Wheelers,17292,97074
5/1/2023,Kerala,2-Wheelers,7386,41347
5/1/2023,Ladakh,2-Wheelers,14,161
5/1/2023,Madhya Pradesh,2-Wheelers,3940,97067
5/1/2023,Maharashtra,2-Wheelers,20585,126680
5/1/2023,Manipur,2-Wheelers,10,572
5/1/2023,Meghalaya,2-Wheelers,7,2006
5/1/2023,Mizoram,2-Wheelers,14,1626
5/1/2023,Odisha,2-Wheelers,3727,44563
5/1/2023,Puducherry,2-Wheelers,382,3736
5/1/2023,Punjab,2-Wheelers,1181,32433
5/1/2023,Rajasthan,2-Wheelers,6897,79573
5/1/2023,Tamil Nadu,2-Wheelers,10330,109325
5/1/2023,Tripura,2-Wheelers,65,3305
5/1/2023,Uttar Pradesh,2-Wheelers,4704,300079
5/1/2023,Uttarakhand,2-Wheelers,682,14779
5/1/2023,West Bengal,2-Wheelers,1508,77494
6/1/2023,Andhra Pradesh,2-Wheelers,1004,45618
6/1/2023,Assam,2-Wheelers,177,31855
6/1/2023,Bihar,2-Wheelers,520,90944
6/1/2023,Chandigarh,2-Wheelers,135,2638
6/1/2023,Chhattisgarh,2-Wheelers,1245,30378
6/1/2023,DNH and DD,2-Wheelers,5,765
6/1/2023,Delhi,2-Wheelers,1787,28279
6/1/2023,Goa,2-Wheelers,531,3485
6/1/2023,Gujarat,2-Wheelers,4019,80898
6/1/2023,Haryana,2-Wheelers,408,33317
6/1/2023,Himachal Pradesh,2-Wheelers,59,5397
6/1/2023,Jammu and Kashmir,2-Wheelers,166,7915
6/1/2023,Jharkhand,2-Wheelers,390,36415
6/1/2023,Karnataka,2-Wheelers,7730,101825
6/1/2023,Kerala,2-Wheelers,4020,38025
6/1/2023,Ladakh,2-Wheelers,2,208
6/1/2023,Madhya Pradesh,2-Wheelers,1671,78536
6/1/2023,Maharashtra,2-Wheelers,8451,119809
6/1/2023,Manipur,2-Wheelers,4,270
6/1/2023,Mizoram,2-Wheelers,4,1795
6/1/2023,Odisha,2-Wheelers,2131,43202
6/1/2023,Puducherry,2-Wheelers,140,3591
6/1/2023,Punjab,2-Wheelers,534,30214
6/1/2023,Rajasthan,2-Wheelers,3261,69235
6/1/2023,Tamil Nadu,2-Wheelers,4720,121451
6/1/2023,Tripura,2-Wheelers,8,2709
6/1/2023,Uttar Pradesh,2-Wheelers,1932,219233
6/1/2023,Uttarakhand,2-Wheelers,324,13374
6/1/2023,West Bengal,2-Wheelers,462,64854
7/1/2023,Andhra Pradesh,2-Wheelers,1361,50877
7/1/2023,Assam,2-Wheelers,168,32074
7/1/2023,Bihar,2-Wheelers,614,69583
7/1/2023,Chandigarh,2-Wheelers,134,1813
7/1/2023,Chhattisgarh,2-Wheelers,1584,28753
7/1/2023,DNH and DD,2-Wheelers,5,856
7/1/2023,Delhi,2-Wheelers,2068,31269
7/1/2023,Goa,2-Wheelers,517,2877
7/1/2023,Gujarat,2-Wheelers,5300,98394
7/1/2023,Haryana,2-Wheelers,152,15523
7/1/2023,Himachal Pradesh,2-Wheelers,40,5450
7/1/2023,Jammu and Kashmir,2-Wheelers,116,8604
7/1/2023,Jharkhand,2-Wheelers,447,32370
7/1/2023,Karnataka,2-Wheelers,9632,95036
7/1/2023,Kerala,2-Wheelers,3937,34948
7/1/2023,Madhya Pradesh,2-Wheelers,1971,69937
7/1/2023,Maharashtra,2-Wheelers,9822,126943
7/1/2023,Manipur,2-Wheelers,6,1145
7/1/2023,Meghalaya,2-Wheelers,20,2030
7/1/2023,Mizoram,2-Wheelers,6,1721
7/1/2023,Odisha,2-Wheelers,2805,38394
7/1/2023,Puducherry,2-Wheelers,189,3909
7/1/2023,Punjab,2-Wheelers,445,33588
7/1/2023,Rajasthan,2-Wheelers,3763,76511
7/1/2023,Tamil Nadu,2-Wheelers,5839,119322
7/1/2023,Tripura,2-Wheelers,6,2942
7/1/2023,Uttar Pradesh,2-Wheelers,2326,158970
7/1/2023,Uttarakhand,2-Wheelers,408,13216
7/1/2023,West Bengal,2-Wheelers,509,67367
8/1/2023,Andhra Pradesh,2-Wheelers,1568,56399
8/1/2023,Assam,2-Wheelers,147,31641
8/1/2023,Bihar,2-Wheelers,713,58346
8/1/2023,Chandigarh,2-Wheelers,125,1789
8/1/2023,Chhattisgarh,2-Wheelers,2088,28699
8/1/2023,DNH and DD,2-Wheelers,6,606
8/1/2023,Delhi,2-Wheelers,2116,33120
8/1/2023,Goa,2-Wheelers,689,4098
8/1/2023,Gujarat,2-Wheelers,5755,87134
8/1/2023,Haryana,2-Wheelers,399,38102
8/1/2023,Himachal Pradesh,2-Wheelers,64,5345
8/1/2023,Jammu and Kashmir,2-Wheelers,98,8650
8/1/2023,Jharkhand,2-Wheelers,455,27909
8/1/2023,Karnataka,2-Wheelers,9720,101545
8/1/2023,Kerala,2-Wheelers,4798,49548
8/1/2023,Madhya Pradesh,2-Wheelers,3907,73963
8/1/2023,Maharashtra,2-Wheelers,12043,133378
8/1/2023,Manipur,2-Wheelers,8,846
8/1/2023,Meghalaya,2-Wheelers,15,2060
8/1/2023,Mizoram,2-Wheelers,4,1908
8/1/2023,Odisha,2-Wheelers,2737,36033
8/1/2023,Puducherry,2-Wheelers,197,4141
8/1/2023,Punjab,2-Wheelers,642,34784
8/1/2023,Rajasthan,2-Wheelers,4313,76171
8/1/2023,Tamil Nadu,2-Wheelers,6246,128997
8/1/2023,Tripura,2-Wheelers,33,3154
8/1/2023,Uttar Pradesh,2-Wheelers,2710,146984
8/1/2023,Uttarakhand,2-Wheelers,364,12790
8/1/2023,West Bengal,2-Wheelers,511,64154
9/1/2023,Andhra Pradesh,2-Wheelers,1388,53014
9/1/2023,Assam,2-Wheelers,257,32936
9/1/2023,Bihar,2-Wheelers,900,65102
9/1/2023,Chandigarh,2-Wheelers,134,1868
9/1/2023,Chhattisgarh,2-Wheelers,2178,30725
9/1/2023,DNH and DD,2-Wheelers,12,732
9/1/2023,Delhi,2-Wheelers,2002,31468
9/1/2023,Goa,2-Wheelers,560,5539
9/1/2023,Gujarat,2-Wheelers,7209,129851
9/1/2023,Haryana,2-Wheelers,321,44459
9/1/2023,Himachal Pradesh,2-Wheelers,68,5403
9/1/2023,Jammu and Kashmir,2-Wheelers,113,8372
9/1/2023,Jharkhand,2-Wheelers,524,31209
9/1/2023,Karnataka,2-Wheelers,10590,106981
9/1/2023,Kerala,2-Wheelers,4461,48967
9/1/2023,Madhya Pradesh,2-Wheelers,3283,74064
9/1/2023,Maharashtra,2-Wheelers,12444,134556
9/1/2023,Meghalaya,2-Wheelers,11,1991
9/1/2023,Mizoram,2-Wheelers,6,1561
9/1/2023,Odisha,2-Wheelers,3049,45630
9/1/2023,Puducherry,2-Wheelers,136,3350
9/1/2023,Punjab,2-Wheelers,676,35832
9/1/2023,Rajasthan,2-Wheelers,4336,81056
9/1/2023,Tamil Nadu,2-Wheelers,5178,116071
9/1/2023,Tripura,2-Wheelers,17,3157
9/1/2023,Uttar Pradesh,2-Wheelers,3141,143067
9/1/2023,Uttarakhand,2-Wheelers,262,12642
9/1/2023,West Bengal,2-Wheelers,489,58361
10/1/2023,Andhra Pradesh,2-Wheelers,1757,66154
10/1/2023,Assam,2-Wheelers,245,51372
10/1/2023,Bihar,2-Wheelers,820,65088
10/1/2023,Chandigarh,2-Wheelers,157,1964
10/1/2023,Chhattisgarh,2-Wheelers,2195,38600
10/1/2023,DNH and DD,2-Wheelers,4,1109
10/1/2023,Delhi,2-Wheelers,2611,35861
10/1/2023,Goa,2-Wheelers,567,5377
10/1/2023,Gujarat,2-Wheelers,8417,149414
10/1/2023,Haryana,2-Wheelers,591,37096
10/1/2023,Himachal Pradesh,2-Wheelers,53,4480
10/1/2023,Jammu and Kashmir,2-Wheelers,137,6736
10/1/2023,Jharkhand,2-Wheelers,502,33632
10/1/2023,Karnataka,2-Wheelers,11137,108712
10/1/2023,Kerala,2-Wheelers,5051,36841
10/1/2023,Madhya Pradesh,2-Wheelers,3262,99036
10/1/2023,Maharashtra,2-Wheelers,15716,167065
10/1/2023,Manipur,2-Wheelers,6,1035
10/1/2023,Mizoram,2-Wheelers,36,1958
10/1/2023,Odisha,2-Wheelers,3972,71596
10/1/2023,Puducherry,2-Wheelers,197,3765
10/1/2023,Punjab,2-Wheelers,760,34028
10/1/2023,Rajasthan,2-Wheelers,4906,103647
10/1/2023,Tamil Nadu,2-Wheelers,6507,131658
10/1/2023,Tripura,2-Wheelers,6,4285
10/1/2023,Uttar Pradesh,2-Wheelers,3775,162993
10/1/2023,Uttarakhand,2-Wheelers,383,13890
10/1/2023,West Bengal,2-Wheelers,851,65489
11/1/2023,Andaman & Nicobar Island,2-Wheelers,3,598
11/1/2023,Andhra Pradesh,2-Wheelers,1997,79246
11/1/2023,Assam,2-Wheelers,244,41326
11/1/2023,Bihar,2-Wheelers,1765,149828
11/1/2023,Chandigarh,2-Wheelers,241,2430
11/1/2023,Chhattisgarh,2-Wheelers,3880,76276
11/1/2023,DNH and DD,2-Wheelers,15,1185
11/1/2023,Delhi,2-Wheelers,3976,56736
11/1/2023,Goa,2-Wheelers,977,6217
11/1/2023,Gujarat,2-Wheelers,5424,152556
11/1/2023,Haryana,2-Wheelers,565,42364
11/1/2023,Himachal Pradesh,2-Wheelers,53,6131
11/1/2023,Jammu and Kashmir,2-Wheelers,172,8743
11/1/2023,Jharkhand,2-Wheelers,825,63696
11/1/2023,Karnataka,2-Wheelers,14300,136535
11/1/2023,Kerala,2-Wheelers,5352,36822
11/1/2023,Madhya Pradesh,2-Wheelers,4861,204532
11/1/2023,Maharashtra,2-Wheelers,19008,230768
11/1/2023,Manipur,2-Wheelers,10,812
11/1/2023,Meghalaya,2-Wheelers,6,1893
11/1/2023,Mizoram,2-Wheelers,35,1977
11/1/2023,Odisha,2-Wheelers,4345,63423
11/1/2023,Puducherry,2-Wheelers,194,3681
11/1/2023,Punjab,2-Wheelers,1184,48694
11/1/2023,Rajasthan,2-Wheelers,7743,191722
11/1/2023,Tamil Nadu,2-Wheelers,7096,121926
11/1/2023,Tripura,2-Wheelers,11,4893
11/1/2023,Uttar Pradesh,2-Wheelers,5327,387983
11/1/2023,Uttarakhand,2-Wheelers,626,24522
11/1/2023,West Bengal,2-Wheelers,1007,97240
12/1/2023,Andaman & Nicobar Island,2-Wheelers,7,430
12/1/2023,Andhra Pradesh,2-Wheelers,2372,60868
12/1/2023,Arunachal Pradesh,2-Wheelers,2,1377
12/1/2023,Assam,2-Wheelers,204,38490
12/1/2023,Bihar,2-Wheelers,1354,91064
12/1/2023,Chandigarh,2-Wheelers,137,1162
12/1/2023,Chhattisgarh,2-Wheelers,1865,31773
12/1/2023,DNH and DD,2-Wheelers,13,1447
12/1/2023,Delhi,2-Wheelers,5380,27097
12/1/2023,Goa,2-Wheelers,799,4299
12/1/2023,Gujarat,2-Wheelers,4080,85848
12/1/2023,Haryana,2-Wheelers,1019,60574
12/1/2023,Himachal Pradesh,2-Wheelers,102,9988
12/1/2023,Jammu and Kashmir,2-Wheelers,96,3661
12/1/2023,Jharkhand,2-Wheelers,632,32673
12/1/2023,Karnataka,2-Wheelers,10237,91996
12/1/2023,Kerala,2-Wheelers,4866,35712
12/1/2023,Madhya Pradesh,2-Wheelers,3359,88017
12/1/2023,Maharashtra,2-Wheelers,14495,174125
12/1/2023,Manipur,2-Wheelers,6,976
12/1/2023,Mizoram,2-Wheelers,24,1974
12/1/2023,Odisha,2-Wheelers,4383,48402
12/1/2023,Puducherry,2-Wheelers,224,2836
12/1/2023,Punjab,2-Wheelers,951,45523
12/1/2023,Rajasthan,2-Wheelers,4676,99479
12/1/2023,Tamil Nadu,2-Wheelers,5403,82736
12/1/2023,Tripura,2-Wheelers,40,3663
12/1/2023,Uttar Pradesh,2-Wheelers,5487,211546
12/1/2023,Uttarakhand,2-Wheelers,655,19337
12/1/2023,West Bengal,2-Wheelers,2625,90092
1/1/2024,Uttar Pradesh,2-Wheelers,5668,181667
1/1/2024,Maharashtra,2-Wheelers,16367,172830
1/1/2024,Karnataka,2-Wheelers,12415,115920
1/1/2024,Tamil Nadu,2-Wheelers,7580,153753
1/1/2024,Bihar,2-Wheelers,1288,71556
1/1/2024,Kerala,2-Wheelers,6457,42509
1/1/2024,Rajasthan,2-Wheelers,4432,78862
1/1/2024,Delhi,2-Wheelers,3073,38413
1/1/2024,Madhya Pradesh,2-Wheelers,3684,92100
1/1/2024,Gujarat,2-Wheelers,5424,91933
1/1/2024,Odisha,2-Wheelers,3883,53485
1/1/2024,Assam,2-Wheelers,253,44386
1/1/2024,Haryana,2-Wheelers,1259,42824
1/1/2024,Chhattisgarh,2-Wheelers,2367,42881
1/1/2024,West Bengal,2-Wheelers,1636,72390
1/1/2024,Punjab,2-Wheelers,821,33511
1/1/2024,Andhra Pradesh,2-Wheelers,2134,53619
1/1/2024,Jharkhand,2-Wheelers,551,30612
1/1/2024,Uttarakhand,2-Wheelers,382,11682
1/1/2024,Jammu and Kashmir,2-Wheelers,219,4582
1/1/2024,Goa,2-Wheelers,832,5079
1/1/2024,Chandigarh,2-Wheelers,118,1450
1/1/2024,Tripura,2-Wheelers,3,3000
1/1/2024,Puducherry,2-Wheelers,310,5141
1/1/2024,Himachal Pradesh,2-Wheelers,79,6031
1/1/2024,DNH and DD,2-Wheelers,31,866
1/1/2024,Manipur,2-Wheelers,7,1556
1/1/2024,Mizoram,2-Wheelers,28,1872
1/1/2024,Meghalaya,2-Wheelers,26,1625
1/1/2024,Ladakh,2-Wheelers,14,37
1/1/2024,Andaman & Nicobar,2-Wheelers,2,483
2/1/2024,Uttar Pradesh,2-Wheelers,6557,206846
2/1/2024,Maharashtra,2-Wheelers,15193,147649
2/1/2024,Karnataka,2-Wheelers,12605,108852
2/1/2024,Tamil Nadu,2-Wheelers,8647,143638
2/1/2024,Rajasthan,2-Wheelers,5145,81152
2/1/2024,Bihar,2-Wheelers,1301,83398
2/1/2024,Madhya Pradesh,2-Wheelers,4006,87659
2/1/2024,Kerala,2-Wheelers,5389,38356
2/1/2024,Gujarat,2-Wheelers,5103,88441
2/1/2024,Delhi,2-Wheelers,2364,30504
2/1/2024,Assam,2-Wheelers,246,39048
2/1/2024,Odisha,2-Wheelers,3733,57255
2/1/2024,Chhattisgarh,2-Wheelers,2198,40110
2/1/2024,Punjab,2-Wheelers,1017,34359
2/1/2024,Andhra Pradesh,2-Wheelers,2830,56600
2/1/2024,Haryana,2-Wheelers,1075,38121
2/1/2024,West Bengal,2-Wheelers,1341,74089
2/1/2024,Jharkhand,2-Wheelers,710,34467
2/1/2024,Uttarakhand,2-Wheelers,586,13692
2/1/2024,Jammu and Kashmir,2-Wheelers,233,5055
2/1/2024,Goa,2-Wheelers,990,4759
2/1/2024,Tripura,2-Wheelers,24,3334
2/1/2024,Chandigarh,2-Wheelers,126,1416
2/1/2024,Puducherry,2-Wheelers,384,4556
2/1/2024,Himachal Pradesh,2-Wheelers,66,4926
2/1/2024,Mizoram,2-Wheelers,51,2146
2/1/2024,Manipur,2-Wheelers,3,1723
2/1/2024,DNH and DD,2-Wheelers,24,1052
2/1/2024,Meghalaya,2-Wheelers,11,1890
2/1/2024,Andaman & Nicobar Island,2-Wheelers,5,473
3/1/2024,Maharashtra,2-Wheelers,26668,152563
3/1/2024,Uttar Pradesh,2-Wheelers,7799,210216
3/1/2024,Karnataka,2-Wheelers,22742,123800
3/1/2024,Tamil Nadu,2-Wheelers,13350,124071
3/1/2024,Rajasthan,2-Wheelers,7933,89538
3/1/2024,Delhi,2-Wheelers,5002,31599
3/1/2024,Kerala,2-Wheelers,8393,42909
3/1/2024,Gujarat,2-Wheelers,8496,94822
3/1/2024,Bihar,2-Wheelers,2584,102949
3/1/2024,Madhya Pradesh,2-Wheelers,5772,95405
3/1/2024,Andhra Pradesh,2-Wheelers,7057,69119
3/1/2024,Assam,2-Wheelers,767,42612
3/1/2024,Chhattisgarh,2-Wheelers,3610,46046
3/1/2024,Punjab,2-Wheelers,1514,35877
3/1/2024,West Bengal,2-Wheelers,2159,69871
3/1/2024,Haryana,2-Wheelers,1387,41778
3/1/2024,Jharkhand,2-Wheelers,824,38149
3/1/2024,Goa,2-Wheelers,1745,5018
3/1/2024,Uttarakhand,2-Wheelers,579,12506
3/1/2024,Jammu and Kashmir,2-Wheelers,297,6600
3/1/2024,Tripura,2-Wheelers,41,3728
3/1/2024,Chandigarh,2-Wheelers,215,1525
3/1/2024,Puducherry,2-Wheelers,477,4337
3/1/2024,Meghalaya,2-Wheelers,4,2223
3/1/2024,Himachal Pradesh,2-Wheelers,90,4737
3/1/2024,Mizoram,2-Wheelers,58,1932
3/1/2024,DNH and DD,2-Wheelers,25,780
3/1/2024,Manipur,2-Wheelers,13,1394
3/1/2024,Andaman & Nicobar Island,2-Wheelers,2,447
3/1/2024,Nagaland,2-Wheelers,2,1180
